method,seed,chunk,path,sha256,bytes
pq,0,0,/home/yanlongc/e29-e33-assets/qwen3_4b_base/e36/pq/seed0/chunk00.pt,8b90a841c200310836a9182ff30a3688f6aa5065d4317fb8db56ff9ff6889bfe,113248037
pq,0,1,/home/yanlongc/e29-e33-assets/qwen3_4b_base/e36/pq/seed0/chunk01.pt,3b79237e7ebf4baec0fd3e7a6d5e2f21495b5e3b84bc1f47d3d47d6583fe3187,113248037
pq,0,2,/home/yanlongc/e29-e33-assets/qwen3_4b_base/e36/pq/seed0/chunk02.pt,fdc7c3eea77fa956d9185b943c92e130165eb57240041b8e1d2b8c44c820eb66,113248037
pq,0,3,/home/yanlongc/e29-e33-assets/qwen3_4b_base/e36/pq/seed0/chunk03.pt,7ea69b5b5d80c0a16695359307f470645071ce26178a8dcbd909e302e947d1bb,113248037
pq,0,4,/home/yanlongc/e29-e33-assets/qwen3_4b_base/e36/pq/seed0/chunk04.pt,076a6690359d43ff42d01904f1cab7e2168e5b3607c4005efe99acc97efac08e,113248037
pq,0,5,/home/yanlongc/e29-e33-assets/qwen3_4b_base/e36/pq/seed0/chunk05.pt,875c78024ec1bf56ad0b3f760ca85131cc808bed17c0a4479b9aa233a42dc20c,113248037
pq,0,6,/home/yanlongc/e29-e33-assets/qwen3_4b_base/e36/pq/seed0/chunk06.pt,ad836521663aaf8bcd2ec9af4698b3d0c14ee5ea4057fa5ac19f9600d4cd78f9,113248037
pq,0,7,/home/yanlongc/e29-e33-assets/qwen3_4b_base/e36/pq/seed0/chunk07.pt,6e578dfd35aa636447ba5622420ed87da5e5714df62ba044f6f5b05fddfe029e,113248037
pq,0,8,/home/yanlongc/e29-e33-assets/qwen3_4b_base/e36/pq/seed0/chunk08.pt,52fc975d1c9b5c70fa7d7f981f7ae2fef693e508d23f305c8aa60f5eaf1b8ace,113248037
pq,0,9,/home/yanlongc/e29-e33-assets/qwen3_4b_base/e36/pq/seed0/chunk09.pt,c4513a51b7ff32964d9ae62b7afbb5cc7a05a9ae70ef276307a500cfe16f8a8c,113248037
pq,0,10,/home/yanlongc/e29-e33-assets/qwen3_4b_base/e36/pq/seed0/chunk10.pt,657b3bbfd69c87eeec8482ab1abf5cb074e68d075b3ec604cbeb506def1a1ac1,113248037
pq,0,11,/home/yanlongc/e29-e33-assets/qwen3_4b_base/e36/pq/seed0/chunk11.pt,6f207348c411984318a8ab49a39bc225956ac154c27fe6af1e10d5ab7a1dcf5f,113248037
pq,0,12,/home/yanlongc/e29-e33-assets/qwen3_4b_base/e36/pq/seed0/chunk12.pt,ec184b994392ee45988a2483ef32aff6709039817399d86c21bcd225cdbe1e77,113248037
pq,0,13,/home/yanlongc/e29-e33-assets/qwen3_4b_base/e36/pq/seed0/chunk13.pt,dc4a46f2f6c5fd46235d5500812e835b7078d35042cdbce1fecb2f61a4a12937,113248037
pq,0,14,/home/yanlongc/e29-e33-assets/qwen3_4b_base/e36/pq/seed0/chunk14.pt,22efce299d9df05d0964d90a4ee333fe29a75ce50a937affee1e6d40ea4c9d9b,113248037
pq,0,15,/home/yanlongc/e29-e33-assets/qwen3_4b_base/e36/pq/seed0/chunk15.pt,222bb96c694ffb9d4213838c254da329834ec129bf7b35537e47191cd9cbd4c9,113248037
pq,0,16,/home/yanlongc/e29-e33-assets/qwen3_4b_base/e36/pq/seed0/chunk16.pt,d1bf23d17e9da391ca36ff771835c429fad6d07000d8f2b32c3871ab9dc6ec77,113248037
pq,0,17,/home/yanlongc/e29-e33-assets/qwen3_4b_base/e36/pq/seed0/chunk17.pt,dc764f9fc4c7cc3ba0afe0fec0eca1446e485d7181c0945bd7b53fa67993ee50,113248037
pq,0,18,/home/yanlongc/e29-e33-assets/qwen3_4b_base/e36/pq/seed0/chunk18.pt,180f561bee9f38c75f398d5adcb465f17ad878a33c5ecc88c6f93272e2fb6561,113248037
pq,0,19,/home/yanlongc/e29-e33-assets/qwen3_4b_base/e36/pq/seed0/chunk19.pt,3a4e29ad19461e043da786c31a5c29e77e6b946f55697d7ee2186544a97b139e,113248037
pq,0,20,/home/yanlongc/e29-e33-assets/qwen3_4b_base/e36/pq/seed0/chunk20.pt,9bd3e759d8167364a41e0d7aef6ef3ac169a9e4a042162d897d1875c18d60e56,113248037
pq,0,21,/home/yanlongc/e29-e33-assets/qwen3_4b_base/e36/pq/seed0/chunk21.pt,9805acd2e4ceb4afddf0c9f01d631fd5cdcd73f0e966f3316e5fd3a6a8a7dafa,113248037
pq,0,22,/home/yanlongc/e29-e33-assets/qwen3_4b_base/e36/pq/seed0/chunk22.pt,47e7846651b9d91baedbce4574f4f2cc62059aa68f9f4083642276bfc0ec35cc,113248037
pq,0,23,/home/yanlongc/e29-e33-assets/qwen3_4b_base/e36/pq/seed0/chunk23.pt,2281f52ec0a54ed9e831357ba4a4baecb81f7a4063b8f6a5b9cb83ecee47e2fc,113248037
pq,0,24,/home/yanlongc/e29-e33-assets/qwen3_4b_base/e36/pq/seed0/chunk24.pt,ce17d7dbd8ce29dc440ca88c1bb50dd370ce808e418150a00d37c7da73d3cb4c,113248037
pq,0,25,/home/yanlongc/e29-e33-assets/qwen3_4b_base/e36/pq/seed0/chunk25.pt,6f325bf26ff48c6c843cd9444221f9e72bcb1848d25ba1f71ba1d98c9423666c,113248037
pq,0,26,/home/yanlongc/e29-e33-assets/qwen3_4b_base/e36/pq/seed0/chunk26.pt,64bd2ef17f4162990eebb68325c27902052a4fba5c0902f161637fdab7734778,113248037
pq,0,27,/home/yanlongc/e29-e33-assets/qwen3_4b_base/e36/pq/seed0/chunk27.pt,90030d84a168ac3cff730272315b18c80786253d092618d9859d292c602d3f07,113248037
pq,0,28,/home/yanlongc/e29-e33-assets/qwen3_4b_base/e36/pq/seed0/chunk28.pt,7698663e90de9e86f677a2c7955f83420cfa0b59c29605f71158ffd9b24a4054,113248037
pq,0,29,/home/yanlongc/e29-e33-assets/qwen3_4b_base/e36/pq/seed0/chunk29.pt,fd981a06390dc587e3a468756c130ed0eb5bb0a5e445fee2c8d2eca56445a3e6,113248037
pq,0,30,/home/yanlongc/e29-e33-assets/qwen3_4b_base/e36/pq/seed0/chunk30.pt,13fbee06af78ba888606a47557eb79bc9b092e3b3f298d803fed45b9b480a813,113248037
pq,0,31,/home/yanlongc/e29-e33-assets/qwen3_4b_base/e36/pq/seed0/chunk31.pt,621d17ea76440c08952f5a7227a452f133dbc31571ee27292551fab3b8567ddc,113248037
pq,0,32,/home/yanlongc/e29-e33-assets/qwen3_4b_base/e36/pq/seed0/chunk32.pt,2ddb7eb81d872c2b623fcc0047236519bf0f0de3e289d8b941ada1b4d0b16db8,113248037
pq,0,33,/home/yanlongc/e29-e33-assets/qwen3_4b_base/e36/pq/seed0/chunk33.pt,3c8663e67b185068c3fc874af90300336328992a7ca6bf45ebd89c04b7f74404,113248037
pq,0,34,/home/yanlongc/e29-e33-assets/qwen3_4b_base/e36/pq/seed0/chunk34.pt,f4fb60456b9d77ec207d0ba788b14e910f1d4f525ce21f21eef76ecfa383c405,113248037
pq,0,35,/home/yanlongc/e29-e33-assets/qwen3_4b_base/e36/pq/seed0/chunk35.pt,688c89d8402619853d2f1288a590b0ec0fc154f1d3b087d87ac880b1e70fd674,113248037
pq,0,36,/home/yanlongc/e29-e33-assets/qwen3_4b_base/e36/pq/seed0/chunk36.pt,f7d98d1776ac3e09ef5bf89f921e00daeb324fe287ad7af953eedfa805355818,113248037
pq,0,37,/home/yanlongc/e29-e33-assets/qwen3_4b_base/e36/pq/seed0/chunk37.pt,ed08df18ae8e2ddf33110aed43d9c720ddd247d1b1c5b64ae687df5ae86d2296,113248037
pq,0,38,/home/yanlongc/e29-e33-assets/qwen3_4b_base/e36/pq/seed0/chunk38.pt,fe1096f4470490993a7028a03083573008d1100991574fc2bb23c86b05b90959,113248037
pq,0,39,/home/yanlongc/e29-e33-assets/qwen3_4b_base/e36/pq/seed0/chunk39.pt,7e37b7d54785c2c2a697942c10f94e9658a1c81da9f985664fb6df6f10cf900f,113248037
pq,0,40,/home/yanlongc/e29-e33-assets/qwen3_4b_base/e36/pq/seed0/chunk40.pt,985676e6b0cb2a553e44f6154dd33b877f95663c4deee7dad9186a544bf643e4,113248037
pq,0,41,/home/yanlongc/e29-e33-assets/qwen3_4b_base/e36/pq/seed0/chunk41.pt,06100c3fc45d0150ee02876ff2511cebef417451ec453581d7d55aa11f9924a9,113248037
pq,0,42,/home/yanlongc/e29-e33-assets/qwen3_4b_base/e36/pq/seed0/chunk42.pt,d1b3ce9fc23354f738337ac10792f070ae7cb82b45eb8c441cf5559cede380e4,113248037
pq,0,43,/home/yanlongc/e29-e33-assets/qwen3_4b_base/e36/pq/seed0/chunk43.pt,7110998b0428e409219ebfb4ed447090216aa1227d287b03c91a60ebdc02971e,113248037
pq,0,44,/home/yanlongc/e29-e33-assets/qwen3_4b_base/e36/pq/seed0/chunk44.pt,d020596116e724d2ee3647ab1b74ca3cd5cbc38c757e0357d8a16af97ef2df92,113248037
pq,0,45,/home/yanlongc/e29-e33-assets/qwen3_4b_base/e36/pq/seed0/chunk45.pt,9c2fe540b7547ff341900697dca94d0bf87b89a6c16600180e33f4c4d498d7ff,113248037
pq,0,46,/home/yanlongc/e29-e33-assets/qwen3_4b_base/e36/pq/seed0/chunk46.pt,04ba0e303bf098a0b2bc3f8ef96256dd330ddee5952f04c8529ec6d5dd01c691,113248037
pq,0,47,/home/yanlongc/e29-e33-assets/qwen3_4b_base/e36/pq/seed0/chunk47.pt,5b938905d07d6d39c50d2333614e4b19cc422c6589b01feffee82e7c178c756b,113248037
pq,0,48,/home/yanlongc/e29-e33-assets/qwen3_4b_base/e36/pq/seed0/chunk48.pt,7a5fe64d78440923321daf8ef074e2583a7865d6b6b46385efc46834f808f3eb,113248037
pq,0,49,/home/yanlongc/e29-e33-assets/qwen3_4b_base/e36/pq/seed0/chunk49.pt,0da930293706f3d94bc2861fab2c1a0d70380002626dc47004cc391fdd106f50,113248037
pq,0,50,/home/yanlongc/e29-e33-assets/qwen3_4b_base/e36/pq/seed0/chunk50.pt,4be53c86c4f3810155d9a31923362f771e3d4f1d6ad6bf7bc19f40f52ee2dbdf,113248037
pq,0,51,/home/yanlongc/e29-e33-assets/qwen3_4b_base/e36/pq/seed0/chunk51.pt,d57276026d71550955f51698fe2cec5456f38d7fad7bc9b97a413873a055dcec,113248037
pq,0,52,/home/yanlongc/e29-e33-assets/qwen3_4b_base/e36/pq/seed0/chunk52.pt,50f2f79e36792e73ea58628b985e36f02f67fc7971a34df85649db55a5519d2d,113248037
pq,0,53,/home/yanlongc/e29-e33-assets/qwen3_4b_base/e36/pq/seed0/chunk53.pt,76ae652937b079cffc79d8ad026347c784aa292cbc62b7334e3404aca477dcc8,113248037
pq,0,54,/home/yanlongc/e29-e33-assets/qwen3_4b_base/e36/pq/seed0/chunk54.pt,0f29dbd893ca35d11ac73b976ab6c8335001dc9acd2e5be0f552f553d26e79ac,113248037
pq,0,55,/home/yanlongc/e29-e33-assets/qwen3_4b_base/e36/pq/seed0/chunk55.pt,6835be5d26ef9ddb93141828567be223fe7906c31538786f94516bf7d69220bc,113248037
pq,0,56,/home/yanlongc/e29-e33-assets/qwen3_4b_base/e36/pq/seed0/chunk56.pt,4f9ab9e440d18bc29f3941d1d1caca8109ea744a394a7f3218d79a71de7d9d28,113248037
pq,0,57,/home/yanlongc/e29-e33-assets/qwen3_4b_base/e36/pq/seed0/chunk57.pt,750408481988c52d36afa49ad23ff7597d7ddf7da4a4f36eb9ba156a8fa27cfc,113248037
pq,0,58,/home/yanlongc/e29-e33-assets/qwen3_4b_base/e36/pq/seed0/chunk58.pt,74072d9ae203193963e56d09d994349846be04c17b188508cc2018ca075a75c3,113248037
pq,0,59,/home/yanlongc/e29-e33-assets/qwen3_4b_base/e36/pq/seed0/chunk59.pt,43bd20affed5b2a11b80b0884897f54a3df077399ccda11f0b45581be9113199,113248037
pq,0,60,/home/yanlongc/e29-e33-assets/qwen3_4b_base/e36/pq/seed0/chunk60.pt,fe177e0edc480af0f8f6bb029ffd91ff86a27e6bcc958cf517c7e9b59787dbf7,113248037
pq,0,61,/home/yanlongc/e29-e33-assets/qwen3_4b_base/e36/pq/seed0/chunk61.pt,ebf6203dfb5682637781a28f5579086a9ccf5250008383c95627dd0deefdfdb9,113248037
pq,0,62,/home/yanlongc/e29-e33-assets/qwen3_4b_base/e36/pq/seed0/chunk62.pt,d7e9372cb5e360ac27c69b1f35984b4973bc705db195fb350d50957049e153ca,113248037
pq,0,63,/home/yanlongc/e29-e33-assets/qwen3_4b_base/e36/pq/seed0/chunk63.pt,52cd0bef4829c52339615080759e205a3847a41a5ef7b3a16465fa0c0bb68768,113248037
pq,1,0,/home/yanlongc/e29-e33-assets/qwen3_4b_base/e36/pq/seed1/chunk00.pt,334333ec9f763ca4775ac1d6b0b4f17faa11530200cef10dbdd612964374c8f2,113248037
pq,1,1,/home/yanlongc/e29-e33-assets/qwen3_4b_base/e36/pq/seed1/chunk01.pt,b46d307bacc7a56a92cea8e1435cb978d7b9cfde2a80e61e76ca90cfa6609fb8,113248037
pq,1,2,/home/yanlongc/e29-e33-assets/qwen3_4b_base/e36/pq/seed1/chunk02.pt,dea26a7c174dc59a3382ff23ae48bfd1d2ae42c084b6ed4cc8c48bcf231d44c2,113248037
pq,1,3,/home/yanlongc/e29-e33-assets/qwen3_4b_base/e36/pq/seed1/chunk03.pt,cab1091904aad9019ab7828b61cd059a71474eb58330d327443423d1f82d289f,113248037
pq,1,4,/home/yanlongc/e29-e33-assets/qwen3_4b_base/e36/pq/seed1/chunk04.pt,ead2a948f1c136a0782a7ef550c111bd0a6ad2f121cd59f4654c285bb8d490ee,113248037
pq,1,5,/home/yanlongc/e29-e33-assets/qwen3_4b_base/e36/pq/seed1/chunk05.pt,6720e01fd09e6dd3aae511607835108fa0b4f49a3840076833508192c197dcb6,113248037
pq,1,6,/home/yanlongc/e29-e33-assets/qwen3_4b_base/e36/pq/seed1/chunk06.pt,63546ff75bfd6bb2d127bac261a5ea178e906c3e299e890ac0f3e7342cd0a43c,113248037
pq,1,7,/home/yanlongc/e29-e33-assets/qwen3_4b_base/e36/pq/seed1/chunk07.pt,17893db7de6702ffe398f493f7fcc219e92df95fbb18f36326e9a12a1d15b1c0,113248037
pq,1,8,/home/yanlongc/e29-e33-assets/qwen3_4b_base/e36/pq/seed1/chunk08.pt,6a3f2ff2d37a357648aa9f59593571eb78ea198ad21584f937ebd5bf8e64f980,113248037
pq,1,9,/home/yanlongc/e29-e33-assets/qwen3_4b_base/e36/pq/seed1/chunk09.pt,948a0f4dcfa52bbfbf9884de6fb374566363147e09db807f6eac850633c4adde,113248037
pq,1,10,/home/yanlongc/e29-e33-assets/qwen3_4b_base/e36/pq/seed1/chunk10.pt,0ed87185585b28d9cbebb5392c0a5b38b36bf586333c107f228b0b058d8b28ec,113248037
pq,1,11,/home/yanlongc/e29-e33-assets/qwen3_4b_base/e36/pq/seed1/chunk11.pt,0a2af3b7cda31bf85311ba2ab5481f9b3d7bebbdede7b5513a7f784f76229309,113248037
pq,1,12,/home/yanlongc/e29-e33-assets/qwen3_4b_base/e36/pq/seed1/chunk12.pt,f3fac351684c4bf19a2f9d3da839001d405a27c3fb14e617bbe91360737c8fed,113248037
pq,1,13,/home/yanlongc/e29-e33-assets/qwen3_4b_base/e36/pq/seed1/chunk13.pt,58597cb8f9d586b6d1b8dacedf1c661d5421547a2c085826bba76ea8803d13f2,113248037
pq,1,14,/home/yanlongc/e29-e33-assets/qwen3_4b_base/e36/pq/seed1/chunk14.pt,6d337b59adc76f46e9527d09d2413259d3688d4cd4823a020d26f0b79cc53ce0,113248037
pq,1,15,/home/yanlongc/e29-e33-assets/qwen3_4b_base/e36/pq/seed1/chunk15.pt,d3628fc76639a5b6361f9bb758c0e4344c5d0e8108d1016af33537d78c71fe40,113248037
pq,1,16,/home/yanlongc/e29-e33-assets/qwen3_4b_base/e36/pq/seed1/chunk16.pt,674632fa806accc38743b4068431adc652f8f6396a04c7b78d161d068dadb947,113248037
pq,1,17,/home/yanlongc/e29-e33-assets/qwen3_4b_base/e36/pq/seed1/chunk17.pt,588a839b09a8c1fb3cb0a3b9622bd51a469a33ec35bf07dc4d3eb212e82a0d6c,113248037
pq,1,18,/home/yanlongc/e29-e33-assets/qwen3_4b_base/e36/pq/seed1/chunk18.pt,0cb26fcfa3ad95a61795e1ba227a4ba393a8dadf6ae0ec3383f899722c495bc2,113248037
pq,1,19,/home/yanlongc/e29-e33-assets/qwen3_4b_base/e36/pq/seed1/chunk19.pt,5cf57a2bfbdb484ffdc012beb5133871e322a8eed8a55bb9e8d6cf065bcaabd6,113248037
pq,1,20,/home/yanlongc/e29-e33-assets/qwen3_4b_base/e36/pq/seed1/chunk20.pt,351657195a4604e5f4545f8a49126c50c54af4b0e79228db31e591942b457c6f,113248037
pq,1,21,/home/yanlongc/e29-e33-assets/qwen3_4b_base/e36/pq/seed1/chunk21.pt,d10703442ad13fcc89c6f0984fa6843102f8264af122364c67d9c2e1bd313133,113248037
pq,1,22,/home/yanlongc/e29-e33-assets/qwen3_4b_base/e36/pq/seed1/chunk22.pt,a755484d972231268e680dc02b7d859f76634ad6a8e887d54eec82ebad41f18d,113248037
pq,1,23,/home/yanlongc/e29-e33-assets/qwen3_4b_base/e36/pq/seed1/chunk23.pt,65a57e74ea95e561909042a8ac4cccb75eec3af63898b22cceb7954c8847a3c6,113248037
pq,1,24,/home/yanlongc/e29-e33-assets/qwen3_4b_base/e36/pq/seed1/chunk24.pt,e6aa9fd94c970aa6e11f7a319b1854b133a6e61402e6be4d178ad5995962207f,113248037
pq,1,25,/home/yanlongc/e29-e33-assets/qwen3_4b_base/e36/pq/seed1/chunk25.pt,7c85213606e3b25ae0b9e0fe050b639ad9e36b6cac61a12491f14ba0c7efcc4c,113248037
pq,1,26,/home/yanlongc/e29-e33-assets/qwen3_4b_base/e36/pq/seed1/chunk26.pt,1548bf428061360de4ea4b51fa45e88702aa1e9934bf4711792a2c3fb1e15546,113248037
pq,1,27,/home/yanlongc/e29-e33-assets/qwen3_4b_base/e36/pq/seed1/chunk27.pt,4e29255efcc5e17d2cab0635bb87ddd8833fc819eaba705413f270b01c1257cf,113248037
pq,1,28,/home/yanlongc/e29-e33-assets/qwen3_4b_base/e36/pq/seed1/chunk28.pt,5555062ce0123222fcf755d36afad43107becd040b5636bbde03c9c55129f683,113248037
pq,1,29,/home/yanlongc/e29-e33-assets/qwen3_4b_base/e36/pq/seed1/chunk29.pt,658661bac8151cf8826fb7be0f71aad51a106ee0ed3aeb02ac93f6c3aabcb644,113248037
pq,1,30,/home/yanlongc/e29-e33-assets/qwen3_4b_base/e36/pq/seed1/chunk30.pt,2a2aba4f216b0ec98760a56abb4de54c406623624c03df9dcbc5e57592d28105,113248037
pq,1,31,/home/yanlongc/e29-e33-assets/qwen3_4b_base/e36/pq/seed1/chunk31.pt,03e41e1b3a3ebb6e27cbab20a6c84aa1ce773dbaa9af54c46355db1e2012237c,113248037
pq,1,32,/home/yanlongc/e29-e33-assets/qwen3_4b_base/e36/pq/seed1/chunk32.pt,c3c500a811c50094c894aac96dd0d76cff23c62156f03ac77dd189ba8f4ab3d2,113248037
pq,1,33,/home/yanlongc/e29-e33-assets/qwen3_4b_base/e36/pq/seed1/chunk33.pt,17cfdf9a97bce91ccd9c223d904318e144ca8ad8c302bc61a93c579727f6aed9,113248037
pq,1,34,/home/yanlongc/e29-e33-assets/qwen3_4b_base/e36/pq/seed1/chunk34.pt,4d29840e6c0817d98c1a3f6a38c4fa94ca1e041deaf75870f94c2b494dc629f8,113248037
pq,1,35,/home/yanlongc/e29-e33-assets/qwen3_4b_base/e36/pq/seed1/chunk35.pt,12dcb20eae0402a3140c4d363051faa46662258ede3095fccf27f86a1d865d54,113248037
pq,1,36,/home/yanlongc/e29-e33-assets/qwen3_4b_base/e36/pq/seed1/chunk36.pt,30d49279fc91c58ccc780ea79ab42b14191de2bf1da9440591b1b5e3acccadc3,113248037
pq,1,37,/home/yanlongc/e29-e33-assets/qwen3_4b_base/e36/pq/seed1/chunk37.pt,a3f8881bd9ef33ce3522ca0d81a9d64e8a2cbd3e3fea00e5738114f085c7d18e,113248037
pq,1,38,/home/yanlongc/e29-e33-assets/qwen3_4b_base/e36/pq/seed1/chunk38.pt,3bc0a5db42ef55a3e006776a95cae2b140b124853720b674cc3e32e44e202a99,113248037
pq,1,39,/home/yanlongc/e29-e33-assets/qwen3_4b_base/e36/pq/seed1/chunk39.pt,4e0b891069998ff974b336ef5a06fc90283561d06d22171b62eebf7ddec34aad,113248037
pq,1,40,/home/yanlongc/e29-e33-assets/qwen3_4b_base/e36/pq/seed1/chunk40.pt,9adde45133d09be8c356a31f7eef69a0f97f69d5ede55ec7b86dbf05e58308fa,113248037
pq,1,41,/home/yanlongc/e29-e33-assets/qwen3_4b_base/e36/pq/seed1/chunk41.pt,b3e3df998e454c7a73c06bf1da49ab68666c5edd649056b26ce967a79f01471c,113248037
pq,1,42,/home/yanlongc/e29-e33-assets/qwen3_4b_base/e36/pq/seed1/chunk42.pt,2cac45c2e3ea4ad8dd4ca3499691c00e706f204ddaadac40a9dcc8939647f494,113248037
pq,1,43,/home/yanlongc/e29-e33-assets/qwen3_4b_base/e36/pq/seed1/chunk43.pt,52974077aaf22cf01f97cc8b7a3c7ea9d905d6acdb16e66918b03fc9bf26dcf8,113248037
pq,1,44,/home/yanlongc/e29-e33-assets/qwen3_4b_base/e36/pq/seed1/chunk44.pt,fbdecadb1c4a99ff63366cc638a2d838f6d3cbe17a3d0c2f28c68542b1692155,113248037
pq,1,45,/home/yanlongc/e29-e33-assets/qwen3_4b_base/e36/pq/seed1/chunk45.pt,d88b5d85d515a074df63042d44e87b626dbf969a5b077577442107075fb6ecbb,113248037
pq,1,46,/home/yanlongc/e29-e33-assets/qwen3_4b_base/e36/pq/seed1/chunk46.pt,2cb07df410bc4744afdb6ac94eb0d9fbd9c184a5b61624c6a3d44743d417227f,113248037
pq,1,47,/home/yanlongc/e29-e33-assets/qwen3_4b_base/e36/pq/seed1/chunk47.pt,f03d47ff250f2090babbc90426924b49bc5e0707ccf70d41c44a884e32c982e1,113248037
pq,1,48,/home/yanlongc/e29-e33-assets/qwen3_4b_base/e36/pq/seed1/chunk48.pt,8105ab4f113176afa8fab20857d608758cd48317d0e4747325ec55f1d4630851,113248037
pq,1,49,/home/yanlongc/e29-e33-assets/qwen3_4b_base/e36/pq/seed1/chunk49.pt,07d3dcded730a8308aabb05ae88e36908578994879baab55533ca29ddd8420cf,113248037
pq,1,50,/home/yanlongc/e29-e33-assets/qwen3_4b_base/e36/pq/seed1/chunk50.pt,903e5b190e70fd1d23e0afc70a776d712271355575d967fb2022a64483b96cb2,113248037
pq,1,51,/home/yanlongc/e29-e33-assets/qwen3_4b_base/e36/pq/seed1/chunk51.pt,630370d3ffad34775a4eedbc94b3d35d621d1704da951fff836922d32d131914,113248037
pq,1,52,/home/yanlongc/e29-e33-assets/qwen3_4b_base/e36/pq/seed1/chunk52.pt,53bd54da9ba668cb2b3af21638460fa6bf31c754686e2d7134f819dfb4d5a83d,113248037
pq,1,53,/home/yanlongc/e29-e33-assets/qwen3_4b_base/e36/pq/seed1/chunk53.pt,9c27cc43bfaa37354c148f38aa907a59f9071903d52fd3c056b1f6ad4b8912d5,113248037
pq,1,54,/home/yanlongc/e29-e33-assets/qwen3_4b_base/e36/pq/seed1/chunk54.pt,19f14a2365e3576780220a4912c099b0d061bd477ce2ba5553b5a89b6235acf8,113248037
pq,1,55,/home/yanlongc/e29-e33-assets/qwen3_4b_base/e36/pq/seed1/chunk55.pt,f458ab3aa55b9756a70e8ff97482c0fa4909e0706fb8323a72b15345c27a972d,113248037
pq,1,56,/home/yanlongc/e29-e33-assets/qwen3_4b_base/e36/pq/seed1/chunk56.pt,9ebb89b7e730fd0f8f85fa199e9ea17d3f4d1c9c636a8500c4d33ded71453464,113248037
pq,1,57,/home/yanlongc/e29-e33-assets/qwen3_4b_base/e36/pq/seed1/chunk57.pt,d416f912c85e9bc2e5c11d69c1b156a29b6c9c57f19187d1c89bc6665d634442,113248037
pq,1,58,/home/yanlongc/e29-e33-assets/qwen3_4b_base/e36/pq/seed1/chunk58.pt,483a7b1a34a1174493ec13bb39c9fbed118a787b51bbbf7b2f5a75b8f423aa5d,113248037
pq,1,59,/home/yanlongc/e29-e33-assets/qwen3_4b_base/e36/pq/seed1/chunk59.pt,30bab70e5620c24cf8e6c41fbf69c5af4db16abfbbb44c4173459c3f3a0c511d,113248037
pq,1,60,/home/yanlongc/e29-e33-assets/qwen3_4b_base/e36/pq/seed1/chunk60.pt,0d4ed4142aecacef02017fefb379843ea2a33a35e03edc2f293856143da4009c,113248037
pq,1,61,/home/yanlongc/e29-e33-assets/qwen3_4b_base/e36/pq/seed1/chunk61.pt,bed422757b9fcb65bf542dbc7482459fade72895dc6e3243417c586033709aec,113248037
pq,1,62,/home/yanlongc/e29-e33-assets/qwen3_4b_base/e36/pq/seed1/chunk62.pt,50c3f9441544fae3a13717a7252012b244ab4adbba501e6acc27f66280b78eda,113248037
pq,1,63,/home/yanlongc/e29-e33-assets/qwen3_4b_base/e36/pq/seed1/chunk63.pt,f2aa4e8b40132a2e444e7a108955e48502bbe5c5443de8930e0257b3122896e6,113248037
pq,2,0,/home/yanlongc/e29-e33-assets/qwen3_4b_base/e36/pq/seed2/chunk00.pt,1ce7da62c8953706df401d65e1961009b4c7560faf9a9262df96e58f2b7a795b,113248037
pq,2,1,/home/yanlongc/e29-e33-assets/qwen3_4b_base/e36/pq/seed2/chunk01.pt,978f5c51fc788a3c1237628fc206ea6b85686493ec2c7bfbe511a2d22e51e00b,113248037
pq,2,2,/home/yanlongc/e29-e33-assets/qwen3_4b_base/e36/pq/seed2/chunk02.pt,b1b8be314a5bced9a89d6888ded077978377cffe80489bb1fa0b2a43a704616c,113248037
pq,2,3,/home/yanlongc/e29-e33-assets/qwen3_4b_base/e36/pq/seed2/chunk03.pt,931efa73eaefd1d360f8f40cb2672782351f8b84d8efdf1bc71a7327d1777a84,113248037
pq,2,4,/home/yanlongc/e29-e33-assets/qwen3_4b_base/e36/pq/seed2/chunk04.pt,3a5789c3c20f72d36b0ede4c371d5418586d7a2a9ce242db285d3bd38927b6a8,113248037
pq,2,5,/home/yanlongc/e29-e33-assets/qwen3_4b_base/e36/pq/seed2/chunk05.pt,3efce33f6579597d9a6746e6cad3661ef37097514dfa2d6c652523cf2719e8b7,113248037
pq,2,6,/home/yanlongc/e29-e33-assets/qwen3_4b_base/e36/pq/seed2/chunk06.pt,6a447b15cdfb0e6c333fddd01618d3dd1ac834d98d56a5037adab09395261fc2,113248037
pq,2,7,/home/yanlongc/e29-e33-assets/qwen3_4b_base/e36/pq/seed2/chunk07.pt,f5616aed57e95388054f61884256b05b6007d7fdeda076e0b51271ac14755da3,113248037
pq,2,8,/home/yanlongc/e29-e33-assets/qwen3_4b_base/e36/pq/seed2/chunk08.pt,678f2df5d7535046917f9c0535938fb14dfa06e381f3737ae1e0b65af060a34b,113248037
pq,2,9,/home/yanlongc/e29-e33-assets/qwen3_4b_base/e36/pq/seed2/chunk09.pt,b8c5992fc5f11922767e9991595499da43c3bce6bc12c6bb70810b5788f68c75,113248037
pq,2,10,/home/yanlongc/e29-e33-assets/qwen3_4b_base/e36/pq/seed2/chunk10.pt,713716c166e4028e73feea00837d38ae8fcda5832b6f3721ad8b29cfc60d6a7f,113248037
pq,2,11,/home/yanlongc/e29-e33-assets/qwen3_4b_base/e36/pq/seed2/chunk11.pt,7f978b449aaed27fcf3169e06bbd25e849ab6f342ed8f715f98494f54387101c,113248037
pq,2,12,/home/yanlongc/e29-e33-assets/qwen3_4b_base/e36/pq/seed2/chunk12.pt,b9698885381524b2ad9d424b03a45f7ad164037b1cce739d31f02cd6a9e5fba9,113248037
pq,2,13,/home/yanlongc/e29-e33-assets/qwen3_4b_base/e36/pq/seed2/chunk13.pt,dd113eb609147b75706a0ccd3fca489bc4b8076274910a7cd28ee2d1aa815c61,113248037
pq,2,14,/home/yanlongc/e29-e33-assets/qwen3_4b_base/e36/pq/seed2/chunk14.pt,d479ea81c9a031b96487dd9ac9a48fe3b47a697bd63a8c4d3c51ea1dd41d999c,113248037
pq,2,15,/home/yanlongc/e29-e33-assets/qwen3_4b_base/e36/pq/seed2/chunk15.pt,68851ed4b8099c48781f3f3c9b85d3f960df1963b2cca4616be3a7846faffcc1,113248037
pq,2,16,/home/yanlongc/e29-e33-assets/qwen3_4b_base/e36/pq/seed2/chunk16.pt,1e42e63cacfae167744efbf2aeb23e2ae51bc599a201216534269d8fda2aac7f,113248037
pq,2,17,/home/yanlongc/e29-e33-assets/qwen3_4b_base/e36/pq/seed2/chunk17.pt,f7ef3d775fce84f7e42d4054c94d28b94aaf26cd94a90740a9ecf52b1c8f7aa4,113248037
pq,2,18,/home/yanlongc/e29-e33-assets/qwen3_4b_base/e36/pq/seed2/chunk18.pt,ccff637d47056c6e6f63787ddb7ca7d7b2ddcf69b0e5bd74a475e6fee38f08eb,113248037
pq,2,19,/home/yanlongc/e29-e33-assets/qwen3_4b_base/e36/pq/seed2/chunk19.pt,d6c181b661fa4301cf138575166ed9fa226c8087fb2a9085af39f427d9a920c1,113248037
pq,2,20,/home/yanlongc/e29-e33-assets/qwen3_4b_base/e36/pq/seed2/chunk20.pt,1ff43657548a8c7e484aba09149c0b0d7900d978555a03a5365f77355ad3b0b1,113248037
pq,2,21,/home/yanlongc/e29-e33-assets/qwen3_4b_base/e36/pq/seed2/chunk21.pt,4f7f562b1599a23b2f840fb9fd5bd67bcfb576f70d13fa7607d02b1c819426f6,113248037
pq,2,22,/home/yanlongc/e29-e33-assets/qwen3_4b_base/e36/pq/seed2/chunk22.pt,4cd1e2ad7127307dd33e01eb08987a9ff4ddf672aa9f66d392f953c0edd6db49,113248037
pq,2,23,/home/yanlongc/e29-e33-assets/qwen3_4b_base/e36/pq/seed2/chunk23.pt,d9b78a79f613ab6163cc803bffdb0637396943f6811efe40288f86ee2b382e98,113248037
pq,2,24,/home/yanlongc/e29-e33-assets/qwen3_4b_base/e36/pq/seed2/chunk24.pt,7b6165bf9b97a006c5efbc31ae7e8b6cb02d80e15a4fc3c6494accb76fc0b7f8,113248037
pq,2,25,/home/yanlongc/e29-e33-assets/qwen3_4b_base/e36/pq/seed2/chunk25.pt,0841fb8b785489fd65306f16c8bd63047ac7eda9fdc66521624b7a9158fbe15b,113248037
pq,2,26,/home/yanlongc/e29-e33-assets/qwen3_4b_base/e36/pq/seed2/chunk26.pt,ebe5b27b0ceb5690e0ac0cf9a1b1faaae89be5bebb48c7e23c742f9766297ccd,113248037
pq,2,27,/home/yanlongc/e29-e33-assets/qwen3_4b_base/e36/pq/seed2/chunk27.pt,672f2c201fb54bff3bda6d53683ca9d5d91e2f874e712276cfb16a1772763f7e,113248037
pq,2,28,/home/yanlongc/e29-e33-assets/qwen3_4b_base/e36/pq/seed2/chunk28.pt,eb7a2c0ead6ada539320e266e31731f168129c233a606efefd52ad3b92210f70,113248037
pq,2,29,/home/yanlongc/e29-e33-assets/qwen3_4b_base/e36/pq/seed2/chunk29.pt,f021ec664b7c9972645d219d6118818fb85fc4cbe7e7e55ed87b3df835b83a88,113248037
pq,2,30,/home/yanlongc/e29-e33-assets/qwen3_4b_base/e36/pq/seed2/chunk30.pt,c446b619b41bff792d28b62558692e2de437238508fd7ead9fea51d29c87b9c7,113248037
pq,2,31,/home/yanlongc/e29-e33-assets/qwen3_4b_base/e36/pq/seed2/chunk31.pt,a736039fba73eeeca0c97f444548b7eee7fcfc39deab81b4d20e834cd94b15a0,113248037
pq,2,32,/home/yanlongc/e29-e33-assets/qwen3_4b_base/e36/pq/seed2/chunk32.pt,7e449b7fcbb02424908bf268d52cdb9c5a9b8c8aae89ebd14d4e88000f05ffe8,113248037
pq,2,33,/home/yanlongc/e29-e33-assets/qwen3_4b_base/e36/pq/seed2/chunk33.pt,2d249ff9fb1b5728294e156a3d1d19877ecab4f27118f6778fbda9089fdfdab8,113248037
pq,2,34,/home/yanlongc/e29-e33-assets/qwen3_4b_base/e36/pq/seed2/chunk34.pt,f977d085c808a6e8acbd8d25b1f4cffb458bdb285a9b8f3acfa5333d693f48f2,113248037
pq,2,35,/home/yanlongc/e29-e33-assets/qwen3_4b_base/e36/pq/seed2/chunk35.pt,f01d62745a045bad6f908410e1c401e1ca81e61cd25a1ceca62eeb3762fd3fd6,113248037
pq,2,36,/home/yanlongc/e29-e33-assets/qwen3_4b_base/e36/pq/seed2/chunk36.pt,ff0e711b54e6351c42aae6bb660f0a9f7e6905f3adac9ffb3ed7cd129f44cdcc,113248037
pq,2,37,/home/yanlongc/e29-e33-assets/qwen3_4b_base/e36/pq/seed2/chunk37.pt,c739daa9513c5cf1c2b7c2f03ef63419c7a4a27f526271f69dbef8df9fee6617,113248037
pq,2,38,/home/yanlongc/e29-e33-assets/qwen3_4b_base/e36/pq/seed2/chunk38.pt,b68350aee3911b74c1d56c481d6aa36f3d8b7e69de55fb752ef2772e1721cb62,113248037
pq,2,39,/home/yanlongc/e29-e33-assets/qwen3_4b_base/e36/pq/seed2/chunk39.pt,191a52feb7060b3e1d86ecc40d3092470716e20d805836a3c140fcebd14d8ce0,113248037
pq,2,40,/home/yanlongc/e29-e33-assets/qwen3_4b_base/e36/pq/seed2/chunk40.pt,296aab42389ad6d94030c0099cfd45382dd5b6629a407a6025bdc9964534eb0c,113248037
pq,2,41,/home/yanlongc/e29-e33-assets/qwen3_4b_base/e36/pq/seed2/chunk41.pt,e0a6d2fe4a8d5d4ca0a1ae68d20ea528e38f7d9e1a1df36e979567159a65925f,113248037
pq,2,42,/home/yanlongc/e29-e33-assets/qwen3_4b_base/e36/pq/seed2/chunk42.pt,04364f7c5bbd1ea0ad5929e3a664486f994d0275c3c359cd4da579d144b5029e,113248037
pq,2,43,/home/yanlongc/e29-e33-assets/qwen3_4b_base/e36/pq/seed2/chunk43.pt,f84114d6213be9d1d101919971299063e8a77eee20c1aaac4473ba73da597b2b,113248037
pq,2,44,/home/yanlongc/e29-e33-assets/qwen3_4b_base/e36/pq/seed2/chunk44.pt,e901234a8cde2d6e766c2fa70a63b8bcc276a1f422f626eb8b71149af51f3ff9,113248037
pq,2,45,/home/yanlongc/e29-e33-assets/qwen3_4b_base/e36/pq/seed2/chunk45.pt,933012b62154b6f3f92bf59bbab119e1de55c85b80bcf3b51ebefa7d29e446a3,113248037
pq,2,46,/home/yanlongc/e29-e33-assets/qwen3_4b_base/e36/pq/seed2/chunk46.pt,2559d868acb4a32245de7ba0b677b68d9fbc9449fb495a35868bd4177bd7ca93,113248037
pq,2,47,/home/yanlongc/e29-e33-assets/qwen3_4b_base/e36/pq/seed2/chunk47.pt,5ec308ee27d08196a6ac59a0568eefa5b0521ee180a8ebee2861a3f81177f7bf,113248037
pq,2,48,/home/yanlongc/e29-e33-assets/qwen3_4b_base/e36/pq/seed2/chunk48.pt,3e4ab89f29ec6103ce45e0c6c1941c8c47ee34d4f35c581328913599489877c2,113248037
pq,2,49,/home/yanlongc/e29-e33-assets/qwen3_4b_base/e36/pq/seed2/chunk49.pt,a6c32d4e92438b3db84d2d168a664ea6be6e51f9dbc814be5d796a896a007284,113248037
pq,2,50,/home/yanlongc/e29-e33-assets/qwen3_4b_base/e36/pq/seed2/chunk50.pt,9cea0a5c1b5037608af7638c4bfcbcdba12bb60912e41d0d28361f219a7100c3,113248037
pq,2,51,/home/yanlongc/e29-e33-assets/qwen3_4b_base/e36/pq/seed2/chunk51.pt,2f76503ef7cd0dc9762ed124b0c338de16743e661de98f6c828a646574c7c00d,113248037
pq,2,52,/home/yanlongc/e29-e33-assets/qwen3_4b_base/e36/pq/seed2/chunk52.pt,bb0be7c156330d626c6eb6429926558c97581d30b013818c19aeb45ba2316a9d,113248037
pq,2,53,/home/yanlongc/e29-e33-assets/qwen3_4b_base/e36/pq/seed2/chunk53.pt,1d1d9c0ed561d9246af94910779af47aebc0e7e32f543a5d4c3c6eb6633becd6,113248037
pq,2,54,/home/yanlongc/e29-e33-assets/qwen3_4b_base/e36/pq/seed2/chunk54.pt,f637bf4a78a31c81d559f56bc9eaa46adbfd7f9ae37c7215ee3a33abd2d1b33a,113248037
pq,2,55,/home/yanlongc/e29-e33-assets/qwen3_4b_base/e36/pq/seed2/chunk55.pt,6c8e5c377da955cec5e23185039799e11a0d82de293cff44f08ed950303fc5e6,113248037
pq,2,56,/home/yanlongc/e29-e33-assets/qwen3_4b_base/e36/pq/seed2/chunk56.pt,e99122d8295c665bd14bb5a3b5056350d25e4fac3a61fdc4d410857f72ed74e1,113248037
pq,2,57,/home/yanlongc/e29-e33-assets/qwen3_4b_base/e36/pq/seed2/chunk57.pt,77c3bf5c98ca5a29ca703f19253612dd1ea0b53e6ac86d68f91b85c2f7a4c511,113248037
pq,2,58,/home/yanlongc/e29-e33-assets/qwen3_4b_base/e36/pq/seed2/chunk58.pt,d75b768e8180c16f5ec0935f0b7fe64482f63ba9bdf8a6d25ffa4e25aab27482,113248037
pq,2,59,/home/yanlongc/e29-e33-assets/qwen3_4b_base/e36/pq/seed2/chunk59.pt,52ea9e279e1c218091a53db95ae0cbb79df0aaac0fd05840aece2f6a9fc2fc63,113248037
pq,2,60,/home/yanlongc/e29-e33-assets/qwen3_4b_base/e36/pq/seed2/chunk60.pt,4feed206df04b9f8f802e1404410bb618864e03bdcfc1d166c776f123e95d559,113248037
pq,2,61,/home/yanlongc/e29-e33-assets/qwen3_4b_base/e36/pq/seed2/chunk61.pt,052e157ab9f2e664633e2728c24a5dd8e6d691f78463c146a73736d96f67bf38,113248037
pq,2,62,/home/yanlongc/e29-e33-assets/qwen3_4b_base/e36/pq/seed2/chunk62.pt,23ef719d652aae60ce4b147a8fabcc1c70e6adf68468afafe91bb5a7415d1e21,113248037
pq,2,63,/home/yanlongc/e29-e33-assets/qwen3_4b_base/e36/pq/seed2/chunk63.pt,4af9e0cd2d2b2e33c3dd638229388c4e791703b91dd16bd5106e4ea6349558ba,113248037
hadamard,0,0,/home/yanlongc/e29-e33-assets/qwen3_4b_base/e36/hadamard/seed0/chunk00.pt,e27f1e0865ec4a783ae10b19d5f2b9ea4eb020499e91183b2a12886aac4adc01,113248037
hadamard,0,1,/home/yanlongc/e29-e33-assets/qwen3_4b_base/e36/hadamard/seed0/chunk01.pt,838027b337b40f847ccb659787bf597a33755fe58e45418b26744704a72a7bd5,113248037
hadamard,0,2,/home/yanlongc/e29-e33-assets/qwen3_4b_base/e36/hadamard/seed0/chunk02.pt,748c59cf06311f193064a32586d0dd08ab74398e3d90f3d23fbccd7d84cbea53,113248037
hadamard,0,3,/home/yanlongc/e29-e33-assets/qwen3_4b_base/e36/hadamard/seed0/chunk03.pt,8751a34552c25209d72dbbafb30d8ae2b08b65d3ecedb13139ee5f1d8077491e,113248037
hadamard,0,4,/home/yanlongc/e29-e33-assets/qwen3_4b_base/e36/hadamard/seed0/chunk04.pt,289687c5980e871c8b3e0747aa01f99c2d9b13782621f1947faf24c220621e88,113248037
hadamard,0,5,/home/yanlongc/e29-e33-assets/qwen3_4b_base/e36/hadamard/seed0/chunk05.pt,1324ca71a7ec0f53401e9ad577d91ec0e42737c7b12e581a7e9a7a9d6e0f3837,113248037
hadamard,0,6,/home/yanlongc/e29-e33-assets/qwen3_4b_base/e36/hadamard/seed0/chunk06.pt,23733c3408f9a25e9043a1c6e0550044c383c6a9c65a8ca4f9f1424f5ac26328,113248037
hadamard,0,7,/home/yanlongc/e29-e33-assets/qwen3_4b_base/e36/hadamard/seed0/chunk07.pt,f9da5ad879d78bf879e669ed126fd99a33b514a3b2f79e8ed1a98dbd1061edf3,113248037
hadamard,0,8,/home/yanlongc/e29-e33-assets/qwen3_4b_base/e36/hadamard/seed0/chunk08.pt,462ae97c8ded8cf71beccfe8258ac0be249e6bac8872eae8efa2997a3e2cffa5,113248037
hadamard,0,9,/home/yanlongc/e29-e33-assets/qwen3_4b_base/e36/hadamard/seed0/chunk09.pt,1ead8edd829bbd5661994f2c5a90ef0525c5b114deaa0edc4bee44499036f37a,113248037
hadamard,0,10,/home/yanlongc/e29-e33-assets/qwen3_4b_base/e36/hadamard/seed0/chunk10.pt,686e9bd6d2704cd554b4c0026351cee4c8265e16f133f21bbfd76ee833df76bb,113248037
hadamard,0,11,/home/yanlongc/e29-e33-assets/qwen3_4b_base/e36/hadamard/seed0/chunk11.pt,a7cb5062650a6d8632299f2674151823a45186e4354156e46ce625cd064eda8c,113248037
hadamard,0,12,/home/yanlongc/e29-e33-assets/qwen3_4b_base/e36/hadamard/seed0/chunk12.pt,f562f4b5f5ee30722ec304eef1568b33bf355a58b862d25e408fb0b44c1bbc32,113248037
hadamard,0,13,/home/yanlongc/e29-e33-assets/qwen3_4b_base/e36/hadamard/seed0/chunk13.pt,3de378b90487c4032e8fe96036904f479c0d7f64b7d3db29a2e60dde3d2407b8,113248037
hadamard,0,14,/home/yanlongc/e29-e33-assets/qwen3_4b_base/e36/hadamard/seed0/chunk14.pt,4918272b2342f453a1991691c4a947c58a1494027a3045b78411c2b8cd931426,113248037
hadamard,0,15,/home/yanlongc/e29-e33-assets/qwen3_4b_base/e36/hadamard/seed0/chunk15.pt,b4365bd34f314b0702e923a91f9d50df387c49b29e49dfab9577e6b4e8790c77,113248037
hadamard,0,16,/home/yanlongc/e29-e33-assets/qwen3_4b_base/e36/hadamard/seed0/chunk16.pt,652920c03c5624a8f0c0fb5026f9b9ff105f52a5a1674006de782440ad484bff,113248037
hadamard,0,17,/home/yanlongc/e29-e33-assets/qwen3_4b_base/e36/hadamard/seed0/chunk17.pt,52b4bef8a6a8de13e4976513f648d55f6c4a05e2bcd23d48be968b83e522eda3,113248037
hadamard,0,18,/home/yanlongc/e29-e33-assets/qwen3_4b_base/e36/hadamard/seed0/chunk18.pt,c7e18f461c4626e684596fdfc726a4746bb6c54a92e9d956df795acc4c29efae,113248037
hadamard,0,19,/home/yanlongc/e29-e33-assets/qwen3_4b_base/e36/hadamard/seed0/chunk19.pt,5d015dd8779d035096149ba0f0d8b849d7fb2b94f8d1b29f927bc774d1f8c606,113248037
hadamard,0,20,/home/yanlongc/e29-e33-assets/qwen3_4b_base/e36/hadamard/seed0/chunk20.pt,95bfd6bc3769d7564367752084f6515417d4e794d7863a3c3e6067a3fecfb3d8,113248037
hadamard,0,21,/home/yanlongc/e29-e33-assets/qwen3_4b_base/e36/hadamard/seed0/chunk21.pt,b222611ccb10576c9601884bff969bfe7aad1d224283e288a2860f88bc06c4ce,113248037
hadamard,0,22,/home/yanlongc/e29-e33-assets/qwen3_4b_base/e36/hadamard/seed0/chunk22.pt,1ed5337cb72d849d6f8fcfda2a4222eb6de7b50045566e8b93714b115252179e,113248037
hadamard,0,23,/home/yanlongc/e29-e33-assets/qwen3_4b_base/e36/hadamard/seed0/chunk23.pt,8cb5c024ca7dd872ea908f5dd71e4c6520fd21ffbeb3fb725f111600cef875d2,113248037
hadamard,0,24,/home/yanlongc/e29-e33-assets/qwen3_4b_base/e36/hadamard/seed0/chunk24.pt,8a855e03a08ffeeb29abbd48b3161af3831b5a70d92314ee8ad83672557887bc,113248037
hadamard,0,25,/home/yanlongc/e29-e33-assets/qwen3_4b_base/e36/hadamard/seed0/chunk25.pt,66e4bf7dbc237216c85c392fa2eae833b2d9fe31f824980df47c8a5b3793b1da,113248037
hadamard,0,26,/home/yanlongc/e29-e33-assets/qwen3_4b_base/e36/hadamard/seed0/chunk26.pt,78ffb2c6c9f4f7ba29d32f381335034e430886b7e6fa311dc4344f47bdd6b78b,113248037
hadamard,0,27,/home/yanlongc/e29-e33-assets/qwen3_4b_base/e36/hadamard/seed0/chunk27.pt,bebf1e9a4ba53bc162c87db418a5346a5670e4264a806f877af3240dd69001fb,113248037
hadamard,0,28,/home/yanlongc/e29-e33-assets/qwen3_4b_base/e36/hadamard/seed0/chunk28.pt,269812f910fe6e9c14c83274174a509d87d6bf5896063c75b10038d1cbfc0fb5,113248037
hadamard,0,29,/home/yanlongc/e29-e33-assets/qwen3_4b_base/e36/hadamard/seed0/chunk29.pt,5b76d41882a9ee48a613cd0be0f80bd64e861e7aefb0fa540fbcf1405343dc06,113248037
hadamard,0,30,/home/yanlongc/e29-e33-assets/qwen3_4b_base/e36/hadamard/seed0/chunk30.pt,23ade8e41239fc6eba0d2efaf844425a73bee52b78a9fc261c7fc6407ce53d09,113248037
hadamard,0,31,/home/yanlongc/e29-e33-assets/qwen3_4b_base/e36/hadamard/seed0/chunk31.pt,283a8d4a43ba7762d5b1bd0795780cf1c414084b2fc31e4f473e8e0b09b81e04,113248037
hadamard,0,32,/home/yanlongc/e29-e33-assets/qwen3_4b_base/e36/hadamard/seed0/chunk32.pt,3d0df94f540a197a2b9d98df742d33d15074edd5764aba93e90b88ac267c6fe6,113248037
hadamard,0,33,/home/yanlongc/e29-e33-assets/qwen3_4b_base/e36/hadamard/seed0/chunk33.pt,ad1eb751912efe81b899317a779d374cf52f3772a4386c3ea758ca366cced8db,113248037
hadamard,0,34,/home/yanlongc/e29-e33-assets/qwen3_4b_base/e36/hadamard/seed0/chunk34.pt,f7859c2a7ed715bc17f73efb6568b2b4e80e051245a3563ec888ab970e627370,113248037
hadamard,0,35,/home/yanlongc/e29-e33-assets/qwen3_4b_base/e36/hadamard/seed0/chunk35.pt,6b097b2430c6f1d4b44a7aac277368e50dea0a8f59cc50682ac037798ce65d4f,113248037
hadamard,0,36,/home/yanlongc/e29-e33-assets/qwen3_4b_base/e36/hadamard/seed0/chunk36.pt,a0ad70182b9815c482c6b5431dab6d82681720fef8390397d2b031dec8abbd73,113248037
hadamard,0,37,/home/yanlongc/e29-e33-assets/qwen3_4b_base/e36/hadamard/seed0/chunk37.pt,050b046322caac261c776696a8bf4fca14b306e206f1dcc5615f5a45fa7f2a45,113248037
hadamard,0,38,/home/yanlongc/e29-e33-assets/qwen3_4b_base/e36/hadamard/seed0/chunk38.pt,f4497b704ae8e51beb455a20ada84df5c622f7a618204a5ca0063b50685114b5,113248037
hadamard,0,39,/home/yanlongc/e29-e33-assets/qwen3_4b_base/e36/hadamard/seed0/chunk39.pt,fc250bea8dc5544eddea8f06fa8ea7060cbc44d4403e05b000b0a7646520bb60,113248037
hadamard,0,40,/home/yanlongc/e29-e33-assets/qwen3_4b_base/e36/hadamard/seed0/chunk40.pt,33087d9547f6f5a7479ed97831f1b5ba296915d01c5f1906c8fa452379c5113b,113248037
hadamard,0,41,/home/yanlongc/e29-e33-assets/qwen3_4b_base/e36/hadamard/seed0/chunk41.pt,96406adf5e0eddcc67cf4ee947b18d61a90ebd34b876e7b167d917e7ce1255af,113248037
hadamard,0,42,/home/yanlongc/e29-e33-assets/qwen3_4b_base/e36/hadamard/seed0/chunk42.pt,c5f1141fc73b67e4d4cf142d6db5dbb9cb1aded6b3e266c3e63f7269a0b89884,113248037
hadamard,0,43,/home/yanlongc/e29-e33-assets/qwen3_4b_base/e36/hadamard/seed0/chunk43.pt,039c5c19cd879111224468ee2b87d843fc57cea5c4beebf99f54a64bf59bded1,113248037
hadamard,0,44,/home/yanlongc/e29-e33-assets/qwen3_4b_base/e36/hadamard/seed0/chunk44.pt,36fc23e14c9208c685695e710a22c6978d15057145e3c20b370933f918c8a71d,113248037
hadamard,0,45,/home/yanlongc/e29-e33-assets/qwen3_4b_base/e36/hadamard/seed0/chunk45.pt,2256e6dbd2b051ced4983d0b3bd1126608fbb2fcdb557517425fa3501faac5c3,113248037
hadamard,0,46,/home/yanlongc/e29-e33-assets/qwen3_4b_base/e36/hadamard/seed0/chunk46.pt,80fbbabdba8b605dc2b03993670679fc854459a65e53d8d270568a60e8540875,113248037
hadamard,0,47,/home/yanlongc/e29-e33-assets/qwen3_4b_base/e36/hadamard/seed0/chunk47.pt,ae8f83d498ac5cef882a3a5d8e844f3aa4e99db52e455eab7f74c475ab058ce7,113248037
hadamard,0,48,/home/yanlongc/e29-e33-assets/qwen3_4b_base/e36/hadamard/seed0/chunk48.pt,97df0f40ff0bf2f6d9c17ee1f20cde8a99824df1cdfbb4406de58070bf40d776,113248037
hadamard,0,49,/home/yanlongc/e29-e33-assets/qwen3_4b_base/e36/hadamard/seed0/chunk49.pt,e1a1634a19100b437c3f335583fff123ca5253868f256a7c45f0477c0b493ee3,113248037
hadamard,0,50,/home/yanlongc/e29-e33-assets/qwen3_4b_base/e36/hadamard/seed0/chunk50.pt,15c301b5f256d251cb1fe384f45e81d04996c45333a9ffb341b390076cadec36,113248037
hadamard,0,51,/home/yanlongc/e29-e33-assets/qwen3_4b_base/e36/hadamard/seed0/chunk51.pt,e405b4c69c63eb53e2a44901e854f388770bf3de975bd28066a939d8e698f19d,113248037
hadamard,0,52,/home/yanlongc/e29-e33-assets/qwen3_4b_base/e36/hadamard/seed0/chunk52.pt,6a5076454993b4187c386220e0c4aa8e8da98290c1dc8c570bb6923b952ea1a5,113248037
hadamard,0,53,/home/yanlongc/e29-e33-assets/qwen3_4b_base/e36/hadamard/seed0/chunk53.pt,7418d9f70d872c7426a9cf80e7aa28e3be8884a414b4c545567198e6425ebbd5,113248037
hadamard,0,54,/home/yanlongc/e29-e33-assets/qwen3_4b_base/e36/hadamard/seed0/chunk54.pt,5c8fa1f3ee74ddd2bb4a6d5cbf9303a508744af9fa95931400750073a0aa33fb,113248037
hadamard,0,55,/home/yanlongc/e29-e33-assets/qwen3_4b_base/e36/hadamard/seed0/chunk55.pt,c144345c3f8bd7dc2d3f2d047c691e5f1ce6c3da5fa07e2b8df2f4b7f045c101,113248037
hadamard,0,56,/home/yanlongc/e29-e33-assets/qwen3_4b_base/e36/hadamard/seed0/chunk56.pt,9425592e25cbadb6abd1f99c46e152e0cf176f5357a466668bc818bc2d51cfac,113248037
hadamard,0,57,/home/yanlongc/e29-e33-assets/qwen3_4b_base/e36/hadamard/seed0/chunk57.pt,49ed9e1c5a7cf9e6e119c909f4f94b1918fff5d15159dfcfc4eeeef327d9f220,113248037
hadamard,0,58,/home/yanlongc/e29-e33-assets/qwen3_4b_base/e36/hadamard/seed0/chunk58.pt,b3159cb79f81807a97bc94a92bd04c2a15d6049d86cc3c1ac1945392296253cb,113248037
hadamard,0,59,/home/yanlongc/e29-e33-assets/qwen3_4b_base/e36/hadamard/seed0/chunk59.pt,c0d56e07c988707d9bf7937c74b3dab940cd347d8888f8f294128e4d0003d110,113248037
hadamard,0,60,/home/yanlongc/e29-e33-assets/qwen3_4b_base/e36/hadamard/seed0/chunk60.pt,5b705dda8fb0fa464776e759ce4a2e62f36d23e69a3728411949ac6d30ff8bea,113248037
hadamard,0,61,/home/yanlongc/e29-e33-assets/qwen3_4b_base/e36/hadamard/seed0/chunk61.pt,bc2c9a9083f8b90e97c789d4fcf177914eddd3c88fd152c217105fae9a7b3e4f,113248037
hadamard,0,62,/home/yanlongc/e29-e33-assets/qwen3_4b_base/e36/hadamard/seed0/chunk62.pt,19d0f218b6b08a72528f7bc5c5b4d4d0fb415ec9b6491f3fc4ddb1ce37acb5d5,113248037
hadamard,0,63,/home/yanlongc/e29-e33-assets/qwen3_4b_base/e36/hadamard/seed0/chunk63.pt,9429737e0b235d683a7026490a9b106fbe4d94b9418e3164552c3e6e94722752,113248037
hadamard,1,0,/home/yanlongc/e29-e33-assets/qwen3_4b_base/e36/hadamard/seed1/chunk00.pt,944084490c64cb2fd69f522c3f2ef5161a369afc5c6559403e535930ab6a35cb,113248037
hadamard,1,1,/home/yanlongc/e29-e33-assets/qwen3_4b_base/e36/hadamard/seed1/chunk01.pt,52366a92ce496890fad699b119af3287ef1d39274356c2cfbe970cc0d09588f9,113248037
hadamard,1,2,/home/yanlongc/e29-e33-assets/qwen3_4b_base/e36/hadamard/seed1/chunk02.pt,e46b60017b0e3e08859bc0e614058aec576ac6e5d1c05a1153511add83321eee,113248037
hadamard,1,3,/home/yanlongc/e29-e33-assets/qwen3_4b_base/e36/hadamard/seed1/chunk03.pt,bccddcebfb5195588d4c1167c75fb29232bd08d008000a6ad3985b66e7909b7d,113248037
hadamard,1,4,/home/yanlongc/e29-e33-assets/qwen3_4b_base/e36/hadamard/seed1/chunk04.pt,8b8254b3119317797112362cdfa46faa49a80eaf11dcc9de122256e548568e55,113248037
hadamard,1,5,/home/yanlongc/e29-e33-assets/qwen3_4b_base/e36/hadamard/seed1/chunk05.pt,077817bfe03e2f7079afc45b091de37df6ded0743d8d203fe562156d66e63c77,113248037
hadamard,1,6,/home/yanlongc/e29-e33-assets/qwen3_4b_base/e36/hadamard/seed1/chunk06.pt,0f0ca78428b56bc506a4a55acec224ffd08e3451dfa9fbd23e0f986a594c19b3,113248037
hadamard,1,7,/home/yanlongc/e29-e33-assets/qwen3_4b_base/e36/hadamard/seed1/chunk07.pt,437a59f6533d9a2f9decc8d10503f861995279723c9349f6b82ea5a41a412642,113248037
hadamard,1,8,/home/yanlongc/e29-e33-assets/qwen3_4b_base/e36/hadamard/seed1/chunk08.pt,ce2a588f62160a9c7d5522e2b24f8cef3e031d73bb4f5b50d7e3cd1a55a06f77,113248037
hadamard,1,9,/home/yanlongc/e29-e33-assets/qwen3_4b_base/e36/hadamard/seed1/chunk09.pt,4e70387c55886e78d03999050325d65fb9ad743540b13a03b33a115c393e22c0,113248037
hadamard,1,10,/home/yanlongc/e29-e33-assets/qwen3_4b_base/e36/hadamard/seed1/chunk10.pt,f6f8d87b734f711bcc53eb7e36eada2e1155474398bd6f5634b4bf3a5cdc46be,113248037
hadamard,1,11,/home/yanlongc/e29-e33-assets/qwen3_4b_base/e36/hadamard/seed1/chunk11.pt,31ba50365c047429560b67f5a9bf63c6b419dcd0421ecf10528d1afc51754cef,113248037
hadamard,1,12,/home/yanlongc/e29-e33-assets/qwen3_4b_base/e36/hadamard/seed1/chunk12.pt,8a6c82b861649035cec82d4a6f0fb07376c7ab80c1343bdb2ab32640baf3e703,113248037
hadamard,1,13,/home/yanlongc/e29-e33-assets/qwen3_4b_base/e36/hadamard/seed1/chunk13.pt,77ec85efb951f331f62de220417af6245c99306247b1c80ed8cf49a58b7158e6,113248037
hadamard,1,14,/home/yanlongc/e29-e33-assets/qwen3_4b_base/e36/hadamard/seed1/chunk14.pt,ade35f7df3ea90e0e06dfca7b603c901a9b09fadcfccfa4c6d22b3d3214155da,113248037
hadamard,1,15,/home/yanlongc/e29-e33-assets/qwen3_4b_base/e36/hadamard/seed1/chunk15.pt,37f13ab0deb3a5c95c0a2678223dfe2cd36ddfc8f868f74fb26004076b51244e,113248037
hadamard,1,16,/home/yanlongc/e29-e33-assets/qwen3_4b_base/e36/hadamard/seed1/chunk16.pt,2324c3bf0c69f6f0c2ce2cdcf7c5c39f03a4388deec01c302a1b3aa482016fdf,113248037
hadamard,1,17,/home/yanlongc/e29-e33-assets/qwen3_4b_base/e36/hadamard/seed1/chunk17.pt,b871f7e2223bd9f7313d475971614b9a46ef2c46ae8421311576a92d6d70642d,113248037
hadamard,1,18,/home/yanlongc/e29-e33-assets/qwen3_4b_base/e36/hadamard/seed1/chunk18.pt,b77c985e116a5df8c0d0946fc3964a65ec7058abe75c6312b43e4e52b9ed5940,113248037
hadamard,1,19,/home/yanlongc/e29-e33-assets/qwen3_4b_base/e36/hadamard/seed1/chunk19.pt,b7c04b595c1199f57314760389bfa66a1fdf417c5c3ddc50612754006eeb0441,113248037
hadamard,1,20,/home/yanlongc/e29-e33-assets/qwen3_4b_base/e36/hadamard/seed1/chunk20.pt,db4f2d455798b32ec28dda81aeae18c750f633c01c05ec6d8ac172824667955b,113248037
hadamard,1,21,/home/yanlongc/e29-e33-assets/qwen3_4b_base/e36/hadamard/seed1/chunk21.pt,505410eac3e36c8fa44493242535b1c21c88bae4272c37770ab962733220886d,113248037
hadamard,1,22,/home/yanlongc/e29-e33-assets/qwen3_4b_base/e36/hadamard/seed1/chunk22.pt,087914fbbc199b5946ad7f3100c5a7ffd1c0c82b638284bd478997eb00404701,113248037
hadamard,1,23,/home/yanlongc/e29-e33-assets/qwen3_4b_base/e36/hadamard/seed1/chunk23.pt,55ab98569d58cae6d8297eea491556cdc8a2ee19bab0b27d9a6551a3a9db45c6,113248037
hadamard,1,24,/home/yanlongc/e29-e33-assets/qwen3_4b_base/e36/hadamard/seed1/chunk24.pt,c8702aaf370de1a541aa6037fb5933ba918a759f88ddb89dfab16e8ee0ee6222,113248037
hadamard,1,25,/home/yanlongc/e29-e33-assets/qwen3_4b_base/e36/hadamard/seed1/chunk25.pt,ba7b96a8f6a6462cdb761d394cb2e4e5838847132230b8e81b1ef8a8311ac01a,113248037
hadamard,1,26,/home/yanlongc/e29-e33-assets/qwen3_4b_base/e36/hadamard/seed1/chunk26.pt,c38b37ba69c526e22cee8cdbf4feb5fef6682b48a09b5ac1415ac17f4bd1df70,113248037
hadamard,1,27,/home/yanlongc/e29-e33-assets/qwen3_4b_base/e36/hadamard/seed1/chunk27.pt,d75582e5de6aa65a8de25053617870f5ce3a182960731721544ad246500477eb,113248037
hadamard,1,28,/home/yanlongc/e29-e33-assets/qwen3_4b_base/e36/hadamard/seed1/chunk28.pt,eab590f778c479e43b480a654489b3c5a20f86be971b4a46eb21fda13fb2eae0,113248037
hadamard,1,29,/home/yanlongc/e29-e33-assets/qwen3_4b_base/e36/hadamard/seed1/chunk29.pt,8cb0b2b075cf2b582c95266e8b531b70323ae1d8d800922df95173127b52910a,113248037
hadamard,1,30,/home/yanlongc/e29-e33-assets/qwen3_4b_base/e36/hadamard/seed1/chunk30.pt,acc20827e7e74ed23107218bff8800be9df99e47d7825e103aa661e9f1612668,113248037
hadamard,1,31,/home/yanlongc/e29-e33-assets/qwen3_4b_base/e36/hadamard/seed1/chunk31.pt,e17261a097e7bc66428aab0b5b84fb3da2be5ff97d03ddcfb612f142643f0669,113248037
hadamard,1,32,/home/yanlongc/e29-e33-assets/qwen3_4b_base/e36/hadamard/seed1/chunk32.pt,6840739c69c445dfbcb9e3eb242c4169c20257f9160112b997810656caa432ac,113248037
hadamard,1,33,/home/yanlongc/e29-e33-assets/qwen3_4b_base/e36/hadamard/seed1/chunk33.pt,58275ed4e98b448c581c1e0dfd2365e991996948c1cf58199dc35f984d9f59df,113248037
hadamard,1,34,/home/yanlongc/e29-e33-assets/qwen3_4b_base/e36/hadamard/seed1/chunk34.pt,b4e550eab75c12d5a31b7e8f9acaa5b09945d5a990acc0f1efed889cf802b03c,113248037
hadamard,1,35,/home/yanlongc/e29-e33-assets/qwen3_4b_base/e36/hadamard/seed1/chunk35.pt,0f1e8cd0e02df5d607e924bcac71aaa51a59115a300f48161d75ff234e6aaf34,113248037
hadamard,1,36,/home/yanlongc/e29-e33-assets/qwen3_4b_base/e36/hadamard/seed1/chunk36.pt,89ea50f732b577b0408930cdb3c4f6f9d12278b71ecf1d9cd374398108f928fa,113248037
hadamard,1,37,/home/yanlongc/e29-e33-assets/qwen3_4b_base/e36/hadamard/seed1/chunk37.pt,cc5fa1e426ceb771c0dcc397548d90dc81184dec20ac62170ab22641f50b4637,113248037
hadamard,1,38,/home/yanlongc/e29-e33-assets/qwen3_4b_base/e36/hadamard/seed1/chunk38.pt,63d255a6a8e0163288d95212e7dfe2ea7c509b4478577c853019bc3dd287ca43,113248037
hadamard,1,39,/home/yanlongc/e29-e33-assets/qwen3_4b_base/e36/hadamard/seed1/chunk39.pt,538ffa307f32b685bbafd4f5bd2f282601eb9d481f18117db8de443f5ebc97c1,113248037
hadamard,1,40,/home/yanlongc/e29-e33-assets/qwen3_4b_base/e36/hadamard/seed1/chunk40.pt,377cdd0febe27278a38235b14596d98006e62a119df7775a555d324eabde015f,113248037
hadamard,1,41,/home/yanlongc/e29-e33-assets/qwen3_4b_base/e36/hadamard/seed1/chunk41.pt,219370a545435f68314e174615184e1e5ce567eef2b73bacf66983e59295000d,113248037
hadamard,1,42,/home/yanlongc/e29-e33-assets/qwen3_4b_base/e36/hadamard/seed1/chunk42.pt,fc6619a36f62bac7ffd6c388510ddd33b8949e094ced3a9fffd79ea32edf3f8c,113248037
hadamard,1,43,/home/yanlongc/e29-e33-assets/qwen3_4b_base/e36/hadamard/seed1/chunk43.pt,e40761600d86c15d8c90c14c70edc256c9b9f3d6696c45c8f0fecf3fc9d9f4ed,113248037
hadamard,1,44,/home/yanlongc/e29-e33-assets/qwen3_4b_base/e36/hadamard/seed1/chunk44.pt,8c59d38745eaf67bea713f3c8a84b52d4fb3e66e3ab9c5c54f95ca8e41326b45,113248037
hadamard,1,45,/home/yanlongc/e29-e33-assets/qwen3_4b_base/e36/hadamard/seed1/chunk45.pt,0ecae524ceac780e22ef4a17275f5fe71deca2965608abbde7a332637189e541,113248037
hadamard,1,46,/home/yanlongc/e29-e33-assets/qwen3_4b_base/e36/hadamard/seed1/chunk46.pt,e0b1da3a674225d66acc9112a0ad193b8ea1190e78f60937c6fdc2b8213408d6,113248037
hadamard,1,47,/home/yanlongc/e29-e33-assets/qwen3_4b_base/e36/hadamard/seed1/chunk47.pt,6be876d3fd6a682c83bbc7dc3257bba9b46182b86ee0179a02c51e97b93ff9c0,113248037
hadamard,1,48,/home/yanlongc/e29-e33-assets/qwen3_4b_base/e36/hadamard/seed1/chunk48.pt,a7e62870752fe13613387b8d32a359ddf1c2c7b260c97a362d863e5de3a84562,113248037
hadamard,1,49,/home/yanlongc/e29-e33-assets/qwen3_4b_base/e36/hadamard/seed1/chunk49.pt,20e6b934c6fa7969e651340b40d48d3a379fd9694f5b1c61711365083e819dc6,113248037
hadamard,1,50,/home/yanlongc/e29-e33-assets/qwen3_4b_base/e36/hadamard/seed1/chunk50.pt,67a0ec02e837d5094a79f9a8cdd99f05fccb3927f90e03d4f50e117da5e07ae4,113248037
hadamard,1,51,/home/yanlongc/e29-e33-assets/qwen3_4b_base/e36/hadamard/seed1/chunk51.pt,e4c0bdbcb87d355bddc7da988acfa398f04b020afb5ea4376282b8da4695f074,113248037
hadamard,1,52,/home/yanlongc/e29-e33-assets/qwen3_4b_base/e36/hadamard/seed1/chunk52.pt,f9b46d4a0ed8c280ab1526d4a97713664db652981edaf27ae8746a4e6e3191c9,113248037
hadamard,1,53,/home/yanlongc/e29-e33-assets/qwen3_4b_base/e36/hadamard/seed1/chunk53.pt,4110a22192c014a91852e8fd44b7d43973818c3d64283351eff48ab3e4718907,113248037
hadamard,1,54,/home/yanlongc/e29-e33-assets/qwen3_4b_base/e36/hadamard/seed1/chunk54.pt,6363cbab82f496d623852b49423d4b1427625112a397fe2039ae8f8850501ff1,113248037
hadamard,1,55,/home/yanlongc/e29-e33-assets/qwen3_4b_base/e36/hadamard/seed1/chunk55.pt,1c2dd1e63727ad92dec78500dfc530ade6ebcd210c71b3c56ce85b1d087a5eb8,113248037
hadamard,1,56,/home/yanlongc/e29-e33-assets/qwen3_4b_base/e36/hadamard/seed1/chunk56.pt,2c65f1ed5306c213abf514cdbbff01c9020044dc4408f052d1707a6f4c64f2bd,113248037
hadamard,1,57,/home/yanlongc/e29-e33-assets/qwen3_4b_base/e36/hadamard/seed1/chunk57.pt,fb83df4ebf16e2d3830dbb50bf457865e4930303872fd9c38ec5d700293b3920,113248037
hadamard,1,58,/home/yanlongc/e29-e33-assets/qwen3_4b_base/e36/hadamard/seed1/chunk58.pt,16f87f5fe66e414711f380a27d72571c80caf5a0542fe7459ce6d43b24ec43c5,113248037
hadamard,1,59,/home/yanlongc/e29-e33-assets/qwen3_4b_base/e36/hadamard/seed1/chunk59.pt,8d7ccaaf232c89d63f116f8fbfb71f238276289d75d2d462ac4ccb78edccd6f7,113248037
hadamard,1,60,/home/yanlongc/e29-e33-assets/qwen3_4b_base/e36/hadamard/seed1/chunk60.pt,0a12f8074ec34d92c03d0084c98242261db5dd8eb2c0d0ecdc15391edd0a7d88,113248037
hadamard,1,61,/home/yanlongc/e29-e33-assets/qwen3_4b_base/e36/hadamard/seed1/chunk61.pt,3fab7db7d444f8d351a2864302bc2574ee97707df3fe6ecf054a8712ce988cf2,113248037
hadamard,1,62,/home/yanlongc/e29-e33-assets/qwen3_4b_base/e36/hadamard/seed1/chunk62.pt,bcc056bbb7920499d01fa91ec6d9bc8642104c92e64e12664a78c8aad9daedd8,113248037
hadamard,1,63,/home/yanlongc/e29-e33-assets/qwen3_4b_base/e36/hadamard/seed1/chunk63.pt,92b6a20826c7572ce063275a06a871246db7aca744e93bbd56eecb76a6e80b1f,113248037
hadamard,2,0,/home/yanlongc/e29-e33-assets/qwen3_4b_base/e36/hadamard/seed2/chunk00.pt,c978e494f0a3c7747f9d8967acaa50d3df565890b489d173b775073d72299856,113248037
hadamard,2,1,/home/yanlongc/e29-e33-assets/qwen3_4b_base/e36/hadamard/seed2/chunk01.pt,42addb6dd35d4a77e5f617cd10512ddc62616d074c92664477d417207498a149,113248037
hadamard,2,2,/home/yanlongc/e29-e33-assets/qwen3_4b_base/e36/hadamard/seed2/chunk02.pt,f64aca01e340c00a637568e23233db32e4eb9ea5ceb9c7e4d07fe0378fe345e6,113248037
hadamard,2,3,/home/yanlongc/e29-e33-assets/qwen3_4b_base/e36/hadamard/seed2/chunk03.pt,4489d1a4ca0a6fad2b0a55ff01c4b632e44ac269c55c383d233430c0cc15f9c2,113248037
hadamard,2,4,/home/yanlongc/e29-e33-assets/qwen3_4b_base/e36/hadamard/seed2/chunk04.pt,904404f92616d33db7e04b6d2c88105f9897487e5e7e7c92e5bf89fbaa6d2bc1,113248037
hadamard,2,5,/home/yanlongc/e29-e33-assets/qwen3_4b_base/e36/hadamard/seed2/chunk05.pt,24374cde180557be9d5187d425750ba6413b2f462c648045f117de236233dcd1,113248037
hadamard,2,6,/home/yanlongc/e29-e33-assets/qwen3_4b_base/e36/hadamard/seed2/chunk06.pt,3b843e9fac46994961cb46fa4d5a50f2acfa64f2add004a959212e58c10cc0ac,113248037
hadamard,2,7,/home/yanlongc/e29-e33-assets/qwen3_4b_base/e36/hadamard/seed2/chunk07.pt,86aa73cab60403cfcaa2ca4e3c114ab678bca1caf9dc97d8e526232d127ec0a1,113248037
hadamard,2,8,/home/yanlongc/e29-e33-assets/qwen3_4b_base/e36/hadamard/seed2/chunk08.pt,c80010922a40203976fc4cf55b730391aa98a38347c47d69d6454284aa3b9734,113248037
hadamard,2,9,/home/yanlongc/e29-e33-assets/qwen3_4b_base/e36/hadamard/seed2/chunk09.pt,647e859aee070a5c90ce657d0dd55ecb8c975339eee7f45237570fd072a9e36c,113248037
hadamard,2,10,/home/yanlongc/e29-e33-assets/qwen3_4b_base/e36/hadamard/seed2/chunk10.pt,bbde5919905b2eca942748c2c2497e45dea52a3b134617e3701ffae21a347d67,113248037
hadamard,2,11,/home/yanlongc/e29-e33-assets/qwen3_4b_base/e36/hadamard/seed2/chunk11.pt,05a03d78fa6a3192e3047853a89cd5521df4de59cfccad98525e6122b6ac36e1,113248037
hadamard,2,12,/home/yanlongc/e29-e33-assets/qwen3_4b_base/e36/hadamard/seed2/chunk12.pt,1e0718729c649a92ad689b8afab48ae6c6351d2bca7fc7eb88ed852152fa4c42,113248037
hadamard,2,13,/home/yanlongc/e29-e33-assets/qwen3_4b_base/e36/hadamard/seed2/chunk13.pt,6cda4076fe2887703ec5f12ec07faf470ef456d607614684400685255193a2e1,113248037
hadamard,2,14,/home/yanlongc/e29-e33-assets/qwen3_4b_base/e36/hadamard/seed2/chunk14.pt,28538d7d2329e2cd93eb8b576eadbeec410effc9674c0af083335088028de18e,113248037
hadamard,2,15,/home/yanlongc/e29-e33-assets/qwen3_4b_base/e36/hadamard/seed2/chunk15.pt,8d7ed791700bfc83985feb487248fe4fef4a87a0b7b83edcb864382268f16d7c,113248037
hadamard,2,16,/home/yanlongc/e29-e33-assets/qwen3_4b_base/e36/hadamard/seed2/chunk16.pt,8fde18972b54c1a906760874dad6e6c9e53311d5528e2607f92fb055d829d173,113248037
hadamard,2,17,/home/yanlongc/e29-e33-assets/qwen3_4b_base/e36/hadamard/seed2/chunk17.pt,0ebad8c3adb43850718d86bd8b2fd1731adffadd93ed5265b67cc53733957f79,113248037
hadamard,2,18,/home/yanlongc/e29-e33-assets/qwen3_4b_base/e36/hadamard/seed2/chunk18.pt,8c8713b4b182e66e526da5db06a89afca67b729213eee20bc5799388ce408d74,113248037
hadamard,2,19,/home/yanlongc/e29-e33-assets/qwen3_4b_base/e36/hadamard/seed2/chunk19.pt,046306f6ade77593b9224173cacf6f16dd1120fad906616cd795e4c51fd661b3,113248037
hadamard,2,20,/home/yanlongc/e29-e33-assets/qwen3_4b_base/e36/hadamard/seed2/chunk20.pt,6ac8a842c14af28c104b20ec4f2ff717cff7f9fa89b616b9aaa5821006881b6c,113248037
hadamard,2,21,/home/yanlongc/e29-e33-assets/qwen3_4b_base/e36/hadamard/seed2/chunk21.pt,1b3ba61b773634c5138b55cd5df5aeda2f8866f865c0c97ad309a9baab7d2aec,113248037
hadamard,2,22,/home/yanlongc/e29-e33-assets/qwen3_4b_base/e36/hadamard/seed2/chunk22.pt,7fd88ed7ff871b50977492dd59de0fdb623aaaa42cac1731640e4cb95a58b1b6,113248037
hadamard,2,23,/home/yanlongc/e29-e33-assets/qwen3_4b_base/e36/hadamard/seed2/chunk23.pt,356b6c58ee983f5f02ff15c6fe8c6bb194b444754ce83c3778bea5778a1e7086,113248037
hadamard,2,24,/home/yanlongc/e29-e33-assets/qwen3_4b_base/e36/hadamard/seed2/chunk24.pt,af85a7850627e59f51d01ad1c4ceaff50277846819c94a918897111e14c421d9,113248037
hadamard,2,25,/home/yanlongc/e29-e33-assets/qwen3_4b_base/e36/hadamard/seed2/chunk25.pt,5e6aab212739f29727ac03a7fa00d21c66c08838f4f1c8276c419e1870650aad,113248037
hadamard,2,26,/home/yanlongc/e29-e33-assets/qwen3_4b_base/e36/hadamard/seed2/chunk26.pt,a332eecee7b247bed71ea1d80c6108f500a108cf4229b74b8c2b87f80802784f,113248037
hadamard,2,27,/home/yanlongc/e29-e33-assets/qwen3_4b_base/e36/hadamard/seed2/chunk27.pt,10d2d55a8b763f2efda1f7fefa394def1e88bf0938658bf9947ecf8ed4bc412c,113248037
hadamard,2,28,/home/yanlongc/e29-e33-assets/qwen3_4b_base/e36/hadamard/seed2/chunk28.pt,d0e9a51a878a09a8c1cbcc285a8c78f3c9110c849e37049a7113dd5b3e001fe0,113248037
hadamard,2,29,/home/yanlongc/e29-e33-assets/qwen3_4b_base/e36/hadamard/seed2/chunk29.pt,c53b95c98efdfda7bd31d744afc4f3788071724c469b4c4ef6f7a587eeb6ebd9,113248037
hadamard,2,30,/home/yanlongc/e29-e33-assets/qwen3_4b_base/e36/hadamard/seed2/chunk30.pt,344db195c5e0ac99e435f3170af13c800c815967bad25c49bae5216ea0cb96d1,113248037
hadamard,2,31,/home/yanlongc/e29-e33-assets/qwen3_4b_base/e36/hadamard/seed2/chunk31.pt,e628f15f52a8ecf299367f76fff00e83583450e1bb9862957db5a5e8364c4a00,113248037
hadamard,2,32,/home/yanlongc/e29-e33-assets/qwen3_4b_base/e36/hadamard/seed2/chunk32.pt,0769c45c490d7e82feffe27e67198e2ddaae465ddf736992952dd1fb445f8d28,113248037
hadamard,2,33,/home/yanlongc/e29-e33-assets/qwen3_4b_base/e36/hadamard/seed2/chunk33.pt,e3e3bf3d81c3e0fac4117dc701b904618a98c6f53a42f30290366c613542f63f,113248037
hadamard,2,34,/home/yanlongc/e29-e33-assets/qwen3_4b_base/e36/hadamard/seed2/chunk34.pt,a5239cfb55ba3a1820fe6e0959bab3738762e08cffb94a3afa1414af3b81f88f,113248037
hadamard,2,35,/home/yanlongc/e29-e33-assets/qwen3_4b_base/e36/hadamard/seed2/chunk35.pt,96addd3a3e22851a3e593a180107ca40c7855f5d5905d6b12f565ca9653fd1d4,113248037
hadamard,2,36,/home/yanlongc/e29-e33-assets/qwen3_4b_base/e36/hadamard/seed2/chunk36.pt,ac35ecc8c49035f77143f07a2fad80b01c2d9f4a5aa8ce8cb3772b4e2996b1e7,113248037
hadamard,2,37,/home/yanlongc/e29-e33-assets/qwen3_4b_base/e36/hadamard/seed2/chunk37.pt,7f3e6290d0e9cd52aa4f3ade6a56f57022cc49c86b5fa61299d50c1492821d20,113248037
hadamard,2,38,/home/yanlongc/e29-e33-assets/qwen3_4b_base/e36/hadamard/seed2/chunk38.pt,760a4dc7aba45ac6a4544f19d93466f00989665dd43fe4bdffae936ad4be9950,113248037
hadamard,2,39,/home/yanlongc/e29-e33-assets/qwen3_4b_base/e36/hadamard/seed2/chunk39.pt,cad7eb358bc8210993b164839016066c33efdda1aac91dfce93d5419ca994039,113248037
hadamard,2,40,/home/yanlongc/e29-e33-assets/qwen3_4b_base/e36/hadamard/seed2/chunk40.pt,e1b2eae183f46b74db0cca0e5a192aa6b19be4276aafc7360795f45fc955961c,113248037
hadamard,2,41,/home/yanlongc/e29-e33-assets/qwen3_4b_base/e36/hadamard/seed2/chunk41.pt,baf08f8297d450d2dadebce70511a0d540906192ceb2d13047172fba46f8228d,113248037
hadamard,2,42,/home/yanlongc/e29-e33-assets/qwen3_4b_base/e36/hadamard/seed2/chunk42.pt,e1788b2059a9ee06d43f6e5ab937b6f0b880eda39aa5aaedbd12e02fcbea0f61,113248037
hadamard,2,43,/home/yanlongc/e29-e33-assets/qwen3_4b_base/e36/hadamard/seed2/chunk43.pt,0357f85359e2c7c83e72df5fa018a094ffd448a1c75832fea620abe4bdf94310,113248037
hadamard,2,44,/home/yanlongc/e29-e33-assets/qwen3_4b_base/e36/hadamard/seed2/chunk44.pt,7d377ab5973fbc8dc5c851dadcaebee2b5460466427c81162863db3d51235781,113248037
hadamard,2,45,/home/yanlongc/e29-e33-assets/qwen3_4b_base/e36/hadamard/seed2/chunk45.pt,b31bcb80113dfabd9725d79295ab1ab5e51b1adb39a8e298941e3f4cfe641f65,113248037
hadamard,2,46,/home/yanlongc/e29-e33-assets/qwen3_4b_base/e36/hadamard/seed2/chunk46.pt,00478f75e62f3c9a0c137b4fcb028a17a017bc87660704dc9318bd92e8d83efa,113248037
hadamard,2,47,/home/yanlongc/e29-e33-assets/qwen3_4b_base/e36/hadamard/seed2/chunk47.pt,ff907bc58a3301875a7a849879fb9597560c9b2108295ed3dadbb7c40279ce51,113248037
hadamard,2,48,/home/yanlongc/e29-e33-assets/qwen3_4b_base/e36/hadamard/seed2/chunk48.pt,f091e2ed600d2eba52d2bfd55df2c967d23896eea157791be4ca60432785ffef,113248037
hadamard,2,49,/home/yanlongc/e29-e33-assets/qwen3_4b_base/e36/hadamard/seed2/chunk49.pt,5ae76b414952c7449682162ae9e82b6f1aae44122dd38170f173b4424e372df8,113248037
hadamard,2,50,/home/yanlongc/e29-e33-assets/qwen3_4b_base/e36/hadamard/seed2/chunk50.pt,e4ffb0473d072882bfa836a5bdc8ca5d2ff3c264b4f69b5f68ac4927b885f2af,113248037
hadamard,2,51,/home/yanlongc/e29-e33-assets/qwen3_4b_base/e36/hadamard/seed2/chunk51.pt,1704ac462b44e19b7f80f45514a894b815c6e9d46e0383acb17dcc0d7ac0c7b6,113248037
hadamard,2,52,/home/yanlongc/e29-e33-assets/qwen3_4b_base/e36/hadamard/seed2/chunk52.pt,7413550698f68b15542b6b564817db3d6189925741f3e427a51189065be3e54d,113248037
hadamard,2,53,/home/yanlongc/e29-e33-assets/qwen3_4b_base/e36/hadamard/seed2/chunk53.pt,01b4583d5976758aec731d3a42312e888375ffd7bdaeea32014de4ec691be0d0,113248037
hadamard,2,54,/home/yanlongc/e29-e33-assets/qwen3_4b_base/e36/hadamard/seed2/chunk54.pt,9e9d26a68e0e7291b5a6be2b5bd65319234ce5db791930358c3d8735d6d68277,113248037
hadamard,2,55,/home/yanlongc/e29-e33-assets/qwen3_4b_base/e36/hadamard/seed2/chunk55.pt,337bd64ced32f00b67cdae46c30f09c2f004ec720cca323f6dee3ef7453d3562,113248037
hadamard,2,56,/home/yanlongc/e29-e33-assets/qwen3_4b_base/e36/hadamard/seed2/chunk56.pt,7fdff5fcc8c8fbd03c1606c1d64ecd83876aacee43bebdc64f3eb30bddb2b968,113248037
hadamard,2,57,/home/yanlongc/e29-e33-assets/qwen3_4b_base/e36/hadamard/seed2/chunk57.pt,ff09fc312d91609e7f271e31c2084cad932d06b11a77914dbdf8d0b4d977592e,113248037
hadamard,2,58,/home/yanlongc/e29-e33-assets/qwen3_4b_base/e36/hadamard/seed2/chunk58.pt,461c830db75c0580f61a868c697963019fd8e5fb59b297d531875cf1bedc544d,113248037
hadamard,2,59,/home/yanlongc/e29-e33-assets/qwen3_4b_base/e36/hadamard/seed2/chunk59.pt,dc8bdbe8f1e129b45cac18c425c09f389e20592ad9b7481dc80d7966d61ee951,113248037
hadamard,2,60,/home/yanlongc/e29-e33-assets/qwen3_4b_base/e36/hadamard/seed2/chunk60.pt,774140a2631e8e28b26367024d69a8f56260d84692618932a095c6ce9d0d879e,113248037
hadamard,2,61,/home/yanlongc/e29-e33-assets/qwen3_4b_base/e36/hadamard/seed2/chunk61.pt,28a04564dc87060df0fea97312331d1a742d92da87a95a9f38b94aa47ed3cb04,113248037
hadamard,2,62,/home/yanlongc/e29-e33-assets/qwen3_4b_base/e36/hadamard/seed2/chunk62.pt,b62ec5eb7cf8d0474095e7a45ede3ed25843e1e6aa0a9193b7d1e7e1dde803b9,113248037
hadamard,2,63,/home/yanlongc/e29-e33-assets/qwen3_4b_base/e36/hadamard/seed2/chunk63.pt,897fa50da80b2f5280eb1729fe4e08934948d216e2364f3c114802d95bc78a27,113248037
