model,method,seed,site,layer,group_class,token_class,aligned_level_interpretation,status,group_token_observations,over_half_step_count,fraction_over_half_step,abs_offset_over_range_median,abs_offset_over_range_p99,abs_offset_over_range_defined_count,abs_offset_over_range_undefined_count,abs_offset_over_range_infinite_count,abs_offset_over_range_max,offset_error_steps_median,offset_error_steps_p99,offset_error_steps_defined_count,offset_error_steps_undefined_count,offset_error_steps_infinite_count,offset_error_steps_max,unaligned_step_steps_median,unaligned_step_steps_p99,unaligned_step_steps_defined_count,unaligned_step_steps_undefined_count,unaligned_step_steps_infinite_count,unaligned_step_steps_max,error_to_unaligned_median,error_to_unaligned_p99,error_to_unaligned_defined_count,error_to_unaligned_undefined_count,error_to_unaligned_infinite_count,error_to_unaligned_max
qwen3_4b_base,pq,pooled,qkv,0,all,all,aligned constant Walsh level,MEASURED,7864320,0,0.0,0.5108800461369272,9.97135667365083,7864320,0,0,21.540863798956384,0.0012435240299823634,0.02538558337635519,7864320,0,0,0.06585490463215259,0.1491204294217687,20.604801587301587,7864320,0,0,41.985151222651226,0.0064631492772044725,0.6703317392123744,7864320,0,0,2878.1102362204724
qwen3_4b_base,pq,pooled,qkv,0,all,BOS,aligned constant Walsh level,MEASURED,3840,0,0.0,0.48609074663671903,0.7981867083121607,3840,0,0,0.7981867083121607,0.0011006799050085477,0.0033694466204118173,3840,0,0,0.0033694466204118173,0.047899390651962165,0.8647011612021858,3840,0,0,0.8647011612021858,0.022016699876508852,0.741512016921762,3840,0,0,0.741512016921762
qwen3_4b_base,pq,pooled,qkv,0,all,massive,aligned constant Walsh level,MEASURED,7920,0,0.0,0.5064223050182248,5.949903490643293,7920,0,0,21.540863798956384,0.0012185764920087396,0.01660199501033611,7920,0,0,0.06585490463215259,0.15347343568372215,12.736726778656127,7920,0,0,41.985151222651226,0.006731875880229663,1.065798724312704,7920,0,0,43.39025705554557
qwen3_4b_base,pq,pooled,qkv,0,all,BOS+massive,aligned constant Walsh level,MEASURED,11760,0,0.0,0.4981336396584163,5.453864896950353,11760,0,0,21.540863798956384,0.0011440163169412977,0.011443922924901186,11760,0,0,0.06585490463215259,0.08370277607335454,11.330370859522182,11760,0,0,41.985151222651226,0.011454147460790477,0.7437371520077025,11760,0,0,43.39025705554557
qwen3_4b_base,pq,pooled,qkv,0,all,other,aligned constant Walsh level,MEASURED,7852560,0,0.0,0.5109006900460519,9.97135667365083,7852560,0,0,21.540863798956384,0.0012435240299823634,0.02538558337635519,7852560,0,0,0.06585490463215259,0.1492776934378242,20.604801587301587,7852560,0,0,41.985151222651226,0.0064576434766278595,0.6697027684943193,7852560,0,0,2878.1102362204724
qwen3_4b_base,hadamard,pooled,qkv,32,all,all,incidental group DC only,MEASURED,7864320,0,0.0,0.5644532698832481,0.6902081490832128,7864320,0,0,0.8156844421420767,0.0014421301539214375,0.0039471521490736065,7864320,0,0,0.005340024279973208,0.14431844622344367,0.24875738578016776,7864320,0,0,0.38374498917368915,0.010229071495147481,0.10676894466796633,7864320,0,0,1213920.0
qwen3_4b_base,hadamard,pooled,qkv,32,all,BOS,incidental group DC only,MEASURED,3840,0,0.0,0.44492101867621375,0.504556290272139,3840,0,0,0.504556290272139,0.0009583287502121208,0.003126596559945504,3840,0,0,0.003126596559945504,0.09743465437261187,0.1169151752009876,3840,0,0,0.1169151752009876,0.009853878871518874,0.03326236314070939,3840,0,0,0.03326236314070939
qwen3_4b_base,hadamard,pooled,qkv,32,all,massive,incidental group DC only,MEASURED,7920,0,0.0,0.4668281334161361,0.6776564175724112,7920,0,0,0.7853316671193742,0.0011717886549513705,0.003730780981094079,7920,0,0,0.004482635961214165,0.13245054522023242,0.22493096206512206,7920,0,0,0.3030943860650654,0.009816559691213313,0.044956908137253206,7920,0,0,18.28976276035901
qwen3_4b_base,hadamard,pooled,qkv,32,all,BOS+massive,incidental group DC only,MEASURED,11760,0,0.0,0.4557906221588073,0.6676639676163525,11760,0,0,0.7853316671193742,0.0010405757146377526,0.003591496381474519,11760,0,0,0.004482635961214165,0.10826200447361546,0.22046891795270607,11760,0,0,0.3030943860650654,0.009816559691213313,0.03536008359530702,11760,0,0,18.28976276035901
qwen3_4b_base,hadamard,pooled,qkv,32,all,other,incidental group DC only,MEASURED,7852560,0,0.0,0.5645304680894006,0.6902244090521208,7852560,0,0,0.8156844421420767,0.0014429126871450698,0.003947380122367672,7852560,0,0,0.005340024279973208,0.14437065079443565,0.24877655237338572,7852560,0,0,0.38374498917368915,0.010230122189044743,0.1068824105186676,7852560,0,0,1213920.0
