model,method,seed,chunk,source_row,source_nll,replayed_nll,float32_bit_identical
llama32_3b,pq,0,0,Q1_pq,1.8314764499664307,1.8314764499664307,True
llama32_3b,pq,0,1,Q1_pq,2.433978796005249,2.433978796005249,True
llama32_3b,pq,0,2,Q1_pq,2.5055973529815674,2.5055973529815674,True
llama32_3b,pq,0,3,Q1_pq,2.015814781188965,2.015814781188965,True
llama32_3b,pq,0,4,Q1_pq,1.925031304359436,1.925031304359436,True
llama32_3b,pq,0,5,Q1_pq,1.5538817644119263,1.5538817644119263,True
llama32_3b,pq,0,6,Q1_pq,1.6737351417541504,1.6737351417541504,True
llama32_3b,pq,0,7,Q1_pq,1.9183393716812134,1.9183393716812134,True
llama32_3b,pq,0,8,Q1_pq,2.247673749923706,2.247673749923706,True
llama32_3b,pq,0,9,Q1_pq,1.9713727235794067,1.9713727235794067,True
llama32_3b,pq,0,10,Q1_pq,1.901544451713562,1.901544451713562,True
llama32_3b,pq,0,11,Q1_pq,2.247836112976074,2.247836112976074,True
llama32_3b,pq,0,12,Q1_pq,2.1218948364257812,2.1218948364257812,True
llama32_3b,pq,0,13,Q1_pq,2.280153512954712,2.280153512954712,True
llama32_3b,pq,0,14,Q1_pq,2.1953988075256348,2.1953988075256348,True
llama32_3b,pq,0,15,Q1_pq,2.4017415046691895,2.4017415046691895,True
llama32_3b,pq,0,16,Q1_pq,2.12272572517395,2.12272572517395,True
llama32_3b,pq,0,17,Q1_pq,2.143578052520752,2.143578052520752,True
llama32_3b,pq,0,18,Q1_pq,1.9486584663391113,1.9486584663391113,True
llama32_3b,pq,0,19,Q1_pq,2.1070291996002197,2.1070291996002197,True
llama32_3b,pq,0,20,Q1_pq,2.238126754760742,2.238126754760742,True
llama32_3b,pq,0,21,Q1_pq,2.1539337635040283,2.1539337635040283,True
llama32_3b,pq,0,22,Q1_pq,2.2063066959381104,2.2063066959381104,True
llama32_3b,pq,0,23,Q1_pq,2.251230001449585,2.251230001449585,True
llama32_3b,pq,0,24,Q1_pq,2.281629800796509,2.281629800796509,True
llama32_3b,pq,0,25,Q1_pq,2.3339831829071045,2.3339831829071045,True
llama32_3b,pq,0,26,Q1_pq,2.429960250854492,2.429960250854492,True
llama32_3b,pq,0,27,Q1_pq,2.2278547286987305,2.2278547286987305,True
llama32_3b,pq,0,28,Q1_pq,1.9943121671676636,1.9943121671676636,True
llama32_3b,pq,0,29,Q1_pq,1.8067835569381714,1.8067835569381714,True
llama32_3b,pq,0,30,Q1_pq,1.6857572793960571,1.6857572793960571,True
llama32_3b,pq,0,31,Q1_pq,1.7268322706222534,1.7268322706222534,True
llama32_3b,pq,0,32,Q1_pq,2.0199429988861084,2.0199429988861084,True
llama32_3b,pq,0,33,Q1_pq,1.9842581748962402,1.9842581748962402,True
llama32_3b,pq,0,34,Q1_pq,2.1600804328918457,2.1600804328918457,True
llama32_3b,pq,0,35,Q1_pq,1.4724239110946655,1.4724239110946655,True
llama32_3b,pq,0,36,Q1_pq,1.4474793672561646,1.4474793672561646,True
llama32_3b,pq,0,37,Q1_pq,1.4918767213821411,1.4918767213821411,True
llama32_3b,pq,0,38,Q1_pq,1.4704545736312866,1.4704545736312866,True
llama32_3b,pq,0,39,Q1_pq,1.671228051185608,1.671228051185608,True
llama32_3b,pq,0,40,Q1_pq,2.2751200199127197,2.2751200199127197,True
llama32_3b,pq,0,41,Q1_pq,2.6905109882354736,2.6905109882354736,True
llama32_3b,pq,0,42,Q1_pq,2.692314624786377,2.692314624786377,True
llama32_3b,pq,0,43,Q1_pq,2.3128113746643066,2.3128113746643066,True
llama32_3b,pq,0,44,Q1_pq,2.311612129211426,2.311612129211426,True
llama32_3b,pq,0,45,Q1_pq,2.280364513397217,2.280364513397217,True
llama32_3b,pq,0,46,Q1_pq,2.3727753162384033,2.3727753162384033,True
llama32_3b,pq,0,47,Q1_pq,2.1643686294555664,2.1643686294555664,True
llama32_3b,pq,0,48,Q1_pq,2.0371930599212646,2.0371930599212646,True
llama32_3b,pq,0,49,Q1_pq,2.03334379196167,2.03334379196167,True
llama32_3b,pq,0,50,Q1_pq,1.7499632835388184,1.7499632835388184,True
llama32_3b,pq,0,51,Q1_pq,1.8376082181930542,1.8376082181930542,True
llama32_3b,pq,0,52,Q1_pq,1.6822372674942017,1.6822372674942017,True
llama32_3b,pq,0,53,Q1_pq,1.9027457237243652,1.9027457237243652,True
llama32_3b,pq,0,54,Q1_pq,1.632034182548523,1.632034182548523,True
llama32_3b,pq,0,55,Q1_pq,1.6047793626785278,1.6047793626785278,True
llama32_3b,pq,0,56,Q1_pq,1.8304630517959595,1.8304630517959595,True
llama32_3b,pq,0,57,Q1_pq,1.8059362173080444,1.8059362173080444,True
llama32_3b,pq,0,58,Q1_pq,2.1841416358947754,2.1841416358947754,True
llama32_3b,pq,0,59,Q1_pq,2.355360269546509,2.355360269546509,True
llama32_3b,pq,0,60,Q1_pq,2.3642666339874268,2.3642666339874268,True
llama32_3b,pq,0,61,Q1_pq,2.4666872024536133,2.4666872024536133,True
llama32_3b,pq,0,62,Q1_pq,1.5154176950454712,1.5154176950454712,True
llama32_3b,pq,0,63,Q1_pq,1.9039556980133057,1.9039556980133057,True
llama32_3b,pq,1,0,Q1_pq,1.8295741081237793,1.8295741081237793,True
llama32_3b,pq,1,1,Q1_pq,2.4254281520843506,2.4254281520843506,True
llama32_3b,pq,1,2,Q1_pq,2.503716230392456,2.503716230392456,True
llama32_3b,pq,1,3,Q1_pq,2.018537759780884,2.018537759780884,True
llama32_3b,pq,1,4,Q1_pq,1.9285489320755005,1.9285489320755005,True
llama32_3b,pq,1,5,Q1_pq,1.5514503717422485,1.5514503717422485,True
llama32_3b,pq,1,6,Q1_pq,1.6727898120880127,1.6727898120880127,True
llama32_3b,pq,1,7,Q1_pq,1.9159460067749023,1.9159460067749023,True
llama32_3b,pq,1,8,Q1_pq,2.253347396850586,2.253347396850586,True
llama32_3b,pq,1,9,Q1_pq,1.9768038988113403,1.9768038988113403,True
llama32_3b,pq,1,10,Q1_pq,1.8990437984466553,1.8990437984466553,True
llama32_3b,pq,1,11,Q1_pq,2.2512738704681396,2.2512738704681396,True
llama32_3b,pq,1,12,Q1_pq,2.125199556350708,2.125199556350708,True
llama32_3b,pq,1,13,Q1_pq,2.276665449142456,2.276665449142456,True
llama32_3b,pq,1,14,Q1_pq,2.200011730194092,2.200011730194092,True
llama32_3b,pq,1,15,Q1_pq,2.404629945755005,2.404629945755005,True
llama32_3b,pq,1,16,Q1_pq,2.127000331878662,2.127000331878662,True
llama32_3b,pq,1,17,Q1_pq,2.1484506130218506,2.1484506130218506,True
llama32_3b,pq,1,18,Q1_pq,1.9616268873214722,1.9616268873214722,True
llama32_3b,pq,1,19,Q1_pq,2.1073756217956543,2.1073756217956543,True
llama32_3b,pq,1,20,Q1_pq,2.2362303733825684,2.2362303733825684,True
llama32_3b,pq,1,21,Q1_pq,2.1579573154449463,2.1579573154449463,True
llama32_3b,pq,1,22,Q1_pq,2.2067959308624268,2.2067959308624268,True
llama32_3b,pq,1,23,Q1_pq,2.2458155155181885,2.2458155155181885,True
llama32_3b,pq,1,24,Q1_pq,2.2754530906677246,2.2754530906677246,True
llama32_3b,pq,1,25,Q1_pq,2.3420464992523193,2.3420464992523193,True
llama32_3b,pq,1,26,Q1_pq,2.434105634689331,2.434105634689331,True
llama32_3b,pq,1,27,Q1_pq,2.2310636043548584,2.2310636043548584,True
llama32_3b,pq,1,28,Q1_pq,1.9970039129257202,1.9970039129257202,True
llama32_3b,pq,1,29,Q1_pq,1.8123689889907837,1.8123689889907837,True
llama32_3b,pq,1,30,Q1_pq,1.6929035186767578,1.6929035186767578,True
llama32_3b,pq,1,31,Q1_pq,1.7146356105804443,1.7146356105804443,True
llama32_3b,pq,1,32,Q1_pq,2.0227982997894287,2.0227982997894287,True
llama32_3b,pq,1,33,Q1_pq,1.98537278175354,1.98537278175354,True
llama32_3b,pq,1,34,Q1_pq,2.1628637313842773,2.1628637313842773,True
llama32_3b,pq,1,35,Q1_pq,1.4741581678390503,1.4741581678390503,True
llama32_3b,pq,1,36,Q1_pq,1.4529352188110352,1.4529352188110352,True
llama32_3b,pq,1,37,Q1_pq,1.5010615587234497,1.5010615587234497,True
llama32_3b,pq,1,38,Q1_pq,1.4812897443771362,1.4812897443771362,True
llama32_3b,pq,1,39,Q1_pq,1.669872522354126,1.669872522354126,True
llama32_3b,pq,1,40,Q1_pq,2.2806689739227295,2.2806689739227295,True
llama32_3b,pq,1,41,Q1_pq,2.6942386627197266,2.6942386627197266,True
llama32_3b,pq,1,42,Q1_pq,2.6918933391571045,2.6918933391571045,True
llama32_3b,pq,1,43,Q1_pq,2.322869300842285,2.322869300842285,True
llama32_3b,pq,1,44,Q1_pq,2.2973921298980713,2.2973921298980713,True
llama32_3b,pq,1,45,Q1_pq,2.2810912132263184,2.2810912132263184,True
llama32_3b,pq,1,46,Q1_pq,2.376035451889038,2.376035451889038,True
llama32_3b,pq,1,47,Q1_pq,2.1603901386260986,2.1603901386260986,True
llama32_3b,pq,1,48,Q1_pq,2.0356557369232178,2.0356557369232178,True
llama32_3b,pq,1,49,Q1_pq,2.0314321517944336,2.0314321517944336,True
llama32_3b,pq,1,50,Q1_pq,1.7512551546096802,1.7512551546096802,True
llama32_3b,pq,1,51,Q1_pq,1.840517520904541,1.840517520904541,True
llama32_3b,pq,1,52,Q1_pq,1.6772817373275757,1.6772817373275757,True
llama32_3b,pq,1,53,Q1_pq,1.905543327331543,1.905543327331543,True
llama32_3b,pq,1,54,Q1_pq,1.6249006986618042,1.6249006986618042,True
llama32_3b,pq,1,55,Q1_pq,1.6072818040847778,1.6072818040847778,True
llama32_3b,pq,1,56,Q1_pq,1.8385854959487915,1.8385854959487915,True
llama32_3b,pq,1,57,Q1_pq,1.8070027828216553,1.8070027828216553,True
llama32_3b,pq,1,58,Q1_pq,2.18369460105896,2.18369460105896,True
llama32_3b,pq,1,59,Q1_pq,2.3517985343933105,2.3517985343933105,True
llama32_3b,pq,1,60,Q1_pq,2.3641252517700195,2.3641252517700195,True
llama32_3b,pq,1,61,Q1_pq,2.470703601837158,2.470703601837158,True
llama32_3b,pq,1,62,Q1_pq,1.5165691375732422,1.5165691375732422,True
llama32_3b,pq,1,63,Q1_pq,1.9048550128936768,1.9048550128936768,True
llama32_3b,pq,2,0,Q1_pq,1.8456416130065918,1.8456416130065918,True
llama32_3b,pq,2,1,Q1_pq,2.430349111557007,2.430349111557007,True
llama32_3b,pq,2,2,Q1_pq,2.503749132156372,2.503749132156372,True
llama32_3b,pq,2,3,Q1_pq,2.0191309452056885,2.0191309452056885,True
llama32_3b,pq,2,4,Q1_pq,1.9279807806015015,1.9279807806015015,True
llama32_3b,pq,2,5,Q1_pq,1.5512573719024658,1.5512573719024658,True
llama32_3b,pq,2,6,Q1_pq,1.666833758354187,1.666833758354187,True
llama32_3b,pq,2,7,Q1_pq,1.917101263999939,1.917101263999939,True
llama32_3b,pq,2,8,Q1_pq,2.2566254138946533,2.2566254138946533,True
llama32_3b,pq,2,9,Q1_pq,1.9840892553329468,1.9840892553329468,True
llama32_3b,pq,2,10,Q1_pq,1.8955695629119873,1.8955695629119873,True
llama32_3b,pq,2,11,Q1_pq,2.2531018257141113,2.2531018257141113,True
llama32_3b,pq,2,12,Q1_pq,2.124473810195923,2.124473810195923,True
llama32_3b,pq,2,13,Q1_pq,2.277404546737671,2.277404546737671,True
llama32_3b,pq,2,14,Q1_pq,2.205609083175659,2.205609083175659,True
llama32_3b,pq,2,15,Q1_pq,2.405419111251831,2.405419111251831,True
llama32_3b,pq,2,16,Q1_pq,2.127885341644287,2.127885341644287,True
llama32_3b,pq,2,17,Q1_pq,2.1566174030303955,2.1566174030303955,True
llama32_3b,pq,2,18,Q1_pq,1.955431342124939,1.955431342124939,True
llama32_3b,pq,2,19,Q1_pq,2.1097304821014404,2.1097304821014404,True
llama32_3b,pq,2,20,Q1_pq,2.229020833969116,2.229020833969116,True
llama32_3b,pq,2,21,Q1_pq,2.157597303390503,2.157597303390503,True
llama32_3b,pq,2,22,Q1_pq,2.2142369747161865,2.2142369747161865,True
llama32_3b,pq,2,23,Q1_pq,2.254889488220215,2.254889488220215,True
llama32_3b,pq,2,24,Q1_pq,2.2854273319244385,2.2854273319244385,True
llama32_3b,pq,2,25,Q1_pq,2.339566469192505,2.339566469192505,True
llama32_3b,pq,2,26,Q1_pq,2.4286534786224365,2.4286534786224365,True
llama32_3b,pq,2,27,Q1_pq,2.2268712520599365,2.2268712520599365,True
llama32_3b,pq,2,28,Q1_pq,1.9987837076187134,1.9987837076187134,True
llama32_3b,pq,2,29,Q1_pq,1.8192923069000244,1.8192923069000244,True
llama32_3b,pq,2,30,Q1_pq,1.6993626356124878,1.6993626356124878,True
llama32_3b,pq,2,31,Q1_pq,1.7268489599227905,1.7268489599227905,True
llama32_3b,pq,2,32,Q1_pq,2.0202481746673584,2.0202481746673584,True
llama32_3b,pq,2,33,Q1_pq,1.9821490049362183,1.9821490049362183,True
llama32_3b,pq,2,34,Q1_pq,2.165039300918579,2.165039300918579,True
llama32_3b,pq,2,35,Q1_pq,1.4772640466690063,1.4772640466690063,True
llama32_3b,pq,2,36,Q1_pq,1.452135682106018,1.452135682106018,True
llama32_3b,pq,2,37,Q1_pq,1.4987362623214722,1.4987362623214722,True
llama32_3b,pq,2,38,Q1_pq,1.4761552810668945,1.4761552810668945,True
llama32_3b,pq,2,39,Q1_pq,1.6756316423416138,1.6756316423416138,True
llama32_3b,pq,2,40,Q1_pq,2.27331805229187,2.27331805229187,True
llama32_3b,pq,2,41,Q1_pq,2.6964545249938965,2.6964545249938965,True
llama32_3b,pq,2,42,Q1_pq,2.6926791667938232,2.6926791667938232,True
llama32_3b,pq,2,43,Q1_pq,2.3140413761138916,2.3140413761138916,True
llama32_3b,pq,2,44,Q1_pq,2.3037281036376953,2.3037281036376953,True
llama32_3b,pq,2,45,Q1_pq,2.279756546020508,2.279756546020508,True
llama32_3b,pq,2,46,Q1_pq,2.371583938598633,2.371583938598633,True
llama32_3b,pq,2,47,Q1_pq,2.1674132347106934,2.1674132347106934,True
llama32_3b,pq,2,48,Q1_pq,2.0366971492767334,2.0366971492767334,True
llama32_3b,pq,2,49,Q1_pq,2.031538724899292,2.031538724899292,True
llama32_3b,pq,2,50,Q1_pq,1.7457863092422485,1.7457863092422485,True
llama32_3b,pq,2,51,Q1_pq,1.838861346244812,1.838861346244812,True
llama32_3b,pq,2,52,Q1_pq,1.6837024688720703,1.6837024688720703,True
llama32_3b,pq,2,53,Q1_pq,1.9045608043670654,1.9045608043670654,True
llama32_3b,pq,2,54,Q1_pq,1.6308916807174683,1.6308916807174683,True
llama32_3b,pq,2,55,Q1_pq,1.6134390830993652,1.6134390830993652,True
llama32_3b,pq,2,56,Q1_pq,1.8322125673294067,1.8322125673294067,True
llama32_3b,pq,2,57,Q1_pq,1.802211046218872,1.802211046218872,True
llama32_3b,pq,2,58,Q1_pq,2.1836230754852295,2.1836230754852295,True
llama32_3b,pq,2,59,Q1_pq,2.357806921005249,2.357806921005249,True
llama32_3b,pq,2,60,Q1_pq,2.3604466915130615,2.3604466915130615,True
llama32_3b,pq,2,61,Q1_pq,2.4640135765075684,2.4640135765075684,True
llama32_3b,pq,2,62,Q1_pq,1.5213338136672974,1.5213338136672974,True
llama32_3b,pq,2,63,Q1_pq,1.8986914157867432,1.8986914157867432,True
llama32_3b,hadamard,0,0,Q1_hadamard,1.8464964628219604,1.8464964628219604,True
llama32_3b,hadamard,0,1,Q1_hadamard,2.4363670349121094,2.4363670349121094,True
llama32_3b,hadamard,0,2,Q1_hadamard,2.5150644779205322,2.5150644779205322,True
llama32_3b,hadamard,0,3,Q1_hadamard,2.0261874198913574,2.0261874198913574,True
llama32_3b,hadamard,0,4,Q1_hadamard,1.9410401582717896,1.9410401582717896,True
llama32_3b,hadamard,0,5,Q1_hadamard,1.5666395425796509,1.5666395425796509,True
llama32_3b,hadamard,0,6,Q1_hadamard,1.6651989221572876,1.6651989221572876,True
llama32_3b,hadamard,0,7,Q1_hadamard,1.923748254776001,1.923748254776001,True
llama32_3b,hadamard,0,8,Q1_hadamard,2.252497434616089,2.252497434616089,True
llama32_3b,hadamard,0,9,Q1_hadamard,1.9850136041641235,1.9850136041641235,True
llama32_3b,hadamard,0,10,Q1_hadamard,1.9025028944015503,1.9025028944015503,True
llama32_3b,hadamard,0,11,Q1_hadamard,2.263963460922241,2.263963460922241,True
llama32_3b,hadamard,0,12,Q1_hadamard,2.1257569789886475,2.1257569789886475,True
llama32_3b,hadamard,0,13,Q1_hadamard,2.279078960418701,2.279078960418701,True
llama32_3b,hadamard,0,14,Q1_hadamard,2.210543394088745,2.210543394088745,True
llama32_3b,hadamard,0,15,Q1_hadamard,2.411890745162964,2.411890745162964,True
llama32_3b,hadamard,0,16,Q1_hadamard,2.1403558254241943,2.1403558254241943,True
llama32_3b,hadamard,0,17,Q1_hadamard,2.1573874950408936,2.1573874950408936,True
llama32_3b,hadamard,0,18,Q1_hadamard,1.9704965353012085,1.9704965353012085,True
llama32_3b,hadamard,0,19,Q1_hadamard,2.1200032234191895,2.1200032234191895,True
llama32_3b,hadamard,0,20,Q1_hadamard,2.2399160861968994,2.2399160861968994,True
llama32_3b,hadamard,0,21,Q1_hadamard,2.168447256088257,2.168447256088257,True
llama32_3b,hadamard,0,22,Q1_hadamard,2.22629714012146,2.22629714012146,True
llama32_3b,hadamard,0,23,Q1_hadamard,2.256462335586548,2.256462335586548,True
llama32_3b,hadamard,0,24,Q1_hadamard,2.2879059314727783,2.2879059314727783,True
llama32_3b,hadamard,0,25,Q1_hadamard,2.3573577404022217,2.3573577404022217,True
llama32_3b,hadamard,0,26,Q1_hadamard,2.4336628913879395,2.4336628913879395,True
llama32_3b,hadamard,0,27,Q1_hadamard,2.236435890197754,2.236435890197754,True
llama32_3b,hadamard,0,28,Q1_hadamard,2.0019052028656006,2.0019052028656006,True
llama32_3b,hadamard,0,29,Q1_hadamard,1.8122385740280151,1.8122385740280151,True
llama32_3b,hadamard,0,30,Q1_hadamard,1.6975204944610596,1.6975204944610596,True
llama32_3b,hadamard,0,31,Q1_hadamard,1.7330905199050903,1.7330905199050903,True
llama32_3b,hadamard,0,32,Q1_hadamard,2.0247039794921875,2.0247039794921875,True
llama32_3b,hadamard,0,33,Q1_hadamard,1.9805711507797241,1.9805711507797241,True
llama32_3b,hadamard,0,34,Q1_hadamard,2.165266752243042,2.165266752243042,True
llama32_3b,hadamard,0,35,Q1_hadamard,1.4805874824523926,1.4805874824523926,True
llama32_3b,hadamard,0,36,Q1_hadamard,1.451340675354004,1.451340675354004,True
llama32_3b,hadamard,0,37,Q1_hadamard,1.4955750703811646,1.4955750703811646,True
llama32_3b,hadamard,0,38,Q1_hadamard,1.4813306331634521,1.4813306331634521,True
llama32_3b,hadamard,0,39,Q1_hadamard,1.6750191450119019,1.6750191450119019,True
llama32_3b,hadamard,0,40,Q1_hadamard,2.2811903953552246,2.2811903953552246,True
llama32_3b,hadamard,0,41,Q1_hadamard,2.6955177783966064,2.6955177783966064,True
llama32_3b,hadamard,0,42,Q1_hadamard,2.696370840072632,2.696370840072632,True
llama32_3b,hadamard,0,43,Q1_hadamard,2.3202548027038574,2.3202548027038574,True
llama32_3b,hadamard,0,44,Q1_hadamard,2.314545154571533,2.314545154571533,True
llama32_3b,hadamard,0,45,Q1_hadamard,2.296149492263794,2.296149492263794,True
llama32_3b,hadamard,0,46,Q1_hadamard,2.3826963901519775,2.3826963901519775,True
llama32_3b,hadamard,0,47,Q1_hadamard,2.162240982055664,2.162240982055664,True
llama32_3b,hadamard,0,48,Q1_hadamard,2.0336220264434814,2.0336220264434814,True
llama32_3b,hadamard,0,49,Q1_hadamard,2.0472166538238525,2.0472166538238525,True
llama32_3b,hadamard,0,50,Q1_hadamard,1.7717665433883667,1.7717665433883667,True
llama32_3b,hadamard,0,51,Q1_hadamard,1.8432925939559937,1.8432925939559937,True
llama32_3b,hadamard,0,52,Q1_hadamard,1.689560890197754,1.689560890197754,True
llama32_3b,hadamard,0,53,Q1_hadamard,1.9073567390441895,1.9073567390441895,True
llama32_3b,hadamard,0,54,Q1_hadamard,1.640388011932373,1.640388011932373,True
llama32_3b,hadamard,0,55,Q1_hadamard,1.613503336906433,1.613503336906433,True
llama32_3b,hadamard,0,56,Q1_hadamard,1.842848300933838,1.842848300933838,True
llama32_3b,hadamard,0,57,Q1_hadamard,1.8194260597229004,1.8194260597229004,True
llama32_3b,hadamard,0,58,Q1_hadamard,2.2004048824310303,2.2004048824310303,True
llama32_3b,hadamard,0,59,Q1_hadamard,2.360755205154419,2.360755205154419,True
llama32_3b,hadamard,0,60,Q1_hadamard,2.3689322471618652,2.3689322471618652,True
llama32_3b,hadamard,0,61,Q1_hadamard,2.479435443878174,2.479435443878174,True
llama32_3b,hadamard,0,62,Q1_hadamard,1.5209953784942627,1.5209953784942627,True
llama32_3b,hadamard,0,63,Q1_hadamard,1.906933069229126,1.906933069229126,True
llama32_3b,hadamard,1,0,Q1_hadamard,1.8442344665527344,1.8442344665527344,True
llama32_3b,hadamard,1,1,Q1_hadamard,2.4315025806427,2.4315025806427,True
llama32_3b,hadamard,1,2,Q1_hadamard,2.5037827491760254,2.5037827491760254,True
llama32_3b,hadamard,1,3,Q1_hadamard,2.0341954231262207,2.0341954231262207,True
llama32_3b,hadamard,1,4,Q1_hadamard,1.9371346235275269,1.9371346235275269,True
llama32_3b,hadamard,1,5,Q1_hadamard,1.5599868297576904,1.5599868297576904,True
llama32_3b,hadamard,1,6,Q1_hadamard,1.6793931722640991,1.6793931722640991,True
llama32_3b,hadamard,1,7,Q1_hadamard,1.9350614547729492,1.9350614547729492,True
llama32_3b,hadamard,1,8,Q1_hadamard,2.2587966918945312,2.2587966918945312,True
llama32_3b,hadamard,1,9,Q1_hadamard,1.9812524318695068,1.9812524318695068,True
llama32_3b,hadamard,1,10,Q1_hadamard,1.902612566947937,1.902612566947937,True
llama32_3b,hadamard,1,11,Q1_hadamard,2.2672085762023926,2.2672085762023926,True
llama32_3b,hadamard,1,12,Q1_hadamard,2.127279043197632,2.127279043197632,True
llama32_3b,hadamard,1,13,Q1_hadamard,2.284085512161255,2.284085512161255,True
llama32_3b,hadamard,1,14,Q1_hadamard,2.2074334621429443,2.2074334621429443,True
llama32_3b,hadamard,1,15,Q1_hadamard,2.4077885150909424,2.4077885150909424,True
llama32_3b,hadamard,1,16,Q1_hadamard,2.1504287719726562,2.1504287719726562,True
llama32_3b,hadamard,1,17,Q1_hadamard,2.1558291912078857,2.1558291912078857,True
llama32_3b,hadamard,1,18,Q1_hadamard,1.9572705030441284,1.9572705030441284,True
llama32_3b,hadamard,1,19,Q1_hadamard,2.1342616081237793,2.1342616081237793,True
llama32_3b,hadamard,1,20,Q1_hadamard,2.231870412826538,2.231870412826538,True
llama32_3b,hadamard,1,21,Q1_hadamard,2.167170286178589,2.167170286178589,True
llama32_3b,hadamard,1,22,Q1_hadamard,2.215130090713501,2.215130090713501,True
llama32_3b,hadamard,1,23,Q1_hadamard,2.261826992034912,2.261826992034912,True
llama32_3b,hadamard,1,24,Q1_hadamard,2.2904655933380127,2.2904655933380127,True
llama32_3b,hadamard,1,25,Q1_hadamard,2.343402147293091,2.343402147293091,True
llama32_3b,hadamard,1,26,Q1_hadamard,2.4425735473632812,2.4425735473632812,True
llama32_3b,hadamard,1,27,Q1_hadamard,2.2297675609588623,2.2297675609588623,True
llama32_3b,hadamard,1,28,Q1_hadamard,2.0129892826080322,2.0129892826080322,True
llama32_3b,hadamard,1,29,Q1_hadamard,1.808549165725708,1.808549165725708,True
llama32_3b,hadamard,1,30,Q1_hadamard,1.7096221446990967,1.7096221446990967,True
llama32_3b,hadamard,1,31,Q1_hadamard,1.7317266464233398,1.7317266464233398,True
llama32_3b,hadamard,1,32,Q1_hadamard,2.0203824043273926,2.0203824043273926,True
llama32_3b,hadamard,1,33,Q1_hadamard,2.004196882247925,2.004196882247925,True
llama32_3b,hadamard,1,34,Q1_hadamard,2.1727066040039062,2.1727066040039062,True
llama32_3b,hadamard,1,35,Q1_hadamard,1.4884339570999146,1.4884339570999146,True
llama32_3b,hadamard,1,36,Q1_hadamard,1.4520416259765625,1.4520416259765625,True
llama32_3b,hadamard,1,37,Q1_hadamard,1.4961048364639282,1.4961048364639282,True
llama32_3b,hadamard,1,38,Q1_hadamard,1.4802730083465576,1.4802730083465576,True
llama32_3b,hadamard,1,39,Q1_hadamard,1.6775107383728027,1.6775107383728027,True
llama32_3b,hadamard,1,40,Q1_hadamard,2.2906782627105713,2.2906782627105713,True
llama32_3b,hadamard,1,41,Q1_hadamard,2.69932222366333,2.69932222366333,True
llama32_3b,hadamard,1,42,Q1_hadamard,2.6939857006073,2.6939857006073,True
llama32_3b,hadamard,1,43,Q1_hadamard,2.3279714584350586,2.3279714584350586,True
llama32_3b,hadamard,1,44,Q1_hadamard,2.3145766258239746,2.3145766258239746,True
llama32_3b,hadamard,1,45,Q1_hadamard,2.29034161567688,2.29034161567688,True
llama32_3b,hadamard,1,46,Q1_hadamard,2.384068012237549,2.384068012237549,True
llama32_3b,hadamard,1,47,Q1_hadamard,2.169318675994873,2.169318675994873,True
llama32_3b,hadamard,1,48,Q1_hadamard,2.04593563079834,2.04593563079834,True
llama32_3b,hadamard,1,49,Q1_hadamard,2.0394723415374756,2.0394723415374756,True
llama32_3b,hadamard,1,50,Q1_hadamard,1.7742117643356323,1.7742117643356323,True
llama32_3b,hadamard,1,51,Q1_hadamard,1.849442958831787,1.849442958831787,True
llama32_3b,hadamard,1,52,Q1_hadamard,1.695452332496643,1.695452332496643,True
llama32_3b,hadamard,1,53,Q1_hadamard,1.9105724096298218,1.9105724096298218,True
llama32_3b,hadamard,1,54,Q1_hadamard,1.6380535364151,1.6380535364151,True
llama32_3b,hadamard,1,55,Q1_hadamard,1.6088290214538574,1.6088290214538574,True
llama32_3b,hadamard,1,56,Q1_hadamard,1.8565269708633423,1.8565269708633423,True
llama32_3b,hadamard,1,57,Q1_hadamard,1.8227474689483643,1.8227474689483643,True
llama32_3b,hadamard,1,58,Q1_hadamard,2.1866543292999268,2.1866543292999268,True
llama32_3b,hadamard,1,59,Q1_hadamard,2.3633651733398438,2.3633651733398438,True
llama32_3b,hadamard,1,60,Q1_hadamard,2.3589084148406982,2.3589084148406982,True
llama32_3b,hadamard,1,61,Q1_hadamard,2.471111536026001,2.471111536026001,True
llama32_3b,hadamard,1,62,Q1_hadamard,1.5196113586425781,1.5196113586425781,True
llama32_3b,hadamard,1,63,Q1_hadamard,1.9155960083007812,1.9155960083007812,True
llama32_3b,hadamard,2,0,Q1_hadamard,1.8402259349822998,1.8402259349822998,True
llama32_3b,hadamard,2,1,Q1_hadamard,2.4441261291503906,2.4441261291503906,True
llama32_3b,hadamard,2,2,Q1_hadamard,2.5094120502471924,2.5094120502471924,True
llama32_3b,hadamard,2,3,Q1_hadamard,2.0198075771331787,2.0198075771331787,True
llama32_3b,hadamard,2,4,Q1_hadamard,1.936248540878296,1.936248540878296,True
llama32_3b,hadamard,2,5,Q1_hadamard,1.557546854019165,1.557546854019165,True
llama32_3b,hadamard,2,6,Q1_hadamard,1.6745548248291016,1.6745548248291016,True
llama32_3b,hadamard,2,7,Q1_hadamard,1.934617042541504,1.934617042541504,True
llama32_3b,hadamard,2,8,Q1_hadamard,2.2690932750701904,2.2690932750701904,True
llama32_3b,hadamard,2,9,Q1_hadamard,1.9795851707458496,1.9795851707458496,True
llama32_3b,hadamard,2,10,Q1_hadamard,1.90923011302948,1.90923011302948,True
llama32_3b,hadamard,2,11,Q1_hadamard,2.2702951431274414,2.2702951431274414,True
llama32_3b,hadamard,2,12,Q1_hadamard,2.1318318843841553,2.1318318843841553,True
llama32_3b,hadamard,2,13,Q1_hadamard,2.27463436126709,2.27463436126709,True
llama32_3b,hadamard,2,14,Q1_hadamard,2.211308717727661,2.211308717727661,True
llama32_3b,hadamard,2,15,Q1_hadamard,2.4114255905151367,2.4114255905151367,True
llama32_3b,hadamard,2,16,Q1_hadamard,2.1357359886169434,2.1357359886169434,True
llama32_3b,hadamard,2,17,Q1_hadamard,2.157801866531372,2.157801866531372,True
llama32_3b,hadamard,2,18,Q1_hadamard,1.9716377258300781,1.9716377258300781,True
llama32_3b,hadamard,2,19,Q1_hadamard,2.1096384525299072,2.1096384525299072,True
llama32_3b,hadamard,2,20,Q1_hadamard,2.2398014068603516,2.2398014068603516,True
llama32_3b,hadamard,2,21,Q1_hadamard,2.1622061729431152,2.1622061729431152,True
llama32_3b,hadamard,2,22,Q1_hadamard,2.210484504699707,2.210484504699707,True
llama32_3b,hadamard,2,23,Q1_hadamard,2.274143934249878,2.274143934249878,True
llama32_3b,hadamard,2,24,Q1_hadamard,2.296293020248413,2.296293020248413,True
llama32_3b,hadamard,2,25,Q1_hadamard,2.3398375511169434,2.3398375511169434,True
llama32_3b,hadamard,2,26,Q1_hadamard,2.434252977371216,2.434252977371216,True
llama32_3b,hadamard,2,27,Q1_hadamard,2.235455274581909,2.235455274581909,True
llama32_3b,hadamard,2,28,Q1_hadamard,2.0071568489074707,2.0071568489074707,True
llama32_3b,hadamard,2,29,Q1_hadamard,1.817313313484192,1.817313313484192,True
llama32_3b,hadamard,2,30,Q1_hadamard,1.7114689350128174,1.7114689350128174,True
llama32_3b,hadamard,2,31,Q1_hadamard,1.7224950790405273,1.7224950790405273,True
llama32_3b,hadamard,2,32,Q1_hadamard,2.0211262702941895,2.0211262702941895,True
llama32_3b,hadamard,2,33,Q1_hadamard,1.992479920387268,1.992479920387268,True
llama32_3b,hadamard,2,34,Q1_hadamard,2.166109085083008,2.166109085083008,True
llama32_3b,hadamard,2,35,Q1_hadamard,1.4849350452423096,1.4849350452423096,True
llama32_3b,hadamard,2,36,Q1_hadamard,1.4469536542892456,1.4469536542892456,True
llama32_3b,hadamard,2,37,Q1_hadamard,1.505922794342041,1.505922794342041,True
llama32_3b,hadamard,2,38,Q1_hadamard,1.4796866178512573,1.4796866178512573,True
llama32_3b,hadamard,2,39,Q1_hadamard,1.6794120073318481,1.6794120073318481,True
llama32_3b,hadamard,2,40,Q1_hadamard,2.281777858734131,2.281777858734131,True
llama32_3b,hadamard,2,41,Q1_hadamard,2.699751615524292,2.699751615524292,True
llama32_3b,hadamard,2,42,Q1_hadamard,2.6903178691864014,2.6903178691864014,True
llama32_3b,hadamard,2,43,Q1_hadamard,2.3204054832458496,2.3204054832458496,True
llama32_3b,hadamard,2,44,Q1_hadamard,2.314450740814209,2.314450740814209,True
llama32_3b,hadamard,2,45,Q1_hadamard,2.2875571250915527,2.2875571250915527,True
llama32_3b,hadamard,2,46,Q1_hadamard,2.3797249794006348,2.3797249794006348,True
llama32_3b,hadamard,2,47,Q1_hadamard,2.168975353240967,2.168975353240967,True
llama32_3b,hadamard,2,48,Q1_hadamard,2.0455076694488525,2.0455076694488525,True
llama32_3b,hadamard,2,49,Q1_hadamard,2.042323350906372,2.042323350906372,True
llama32_3b,hadamard,2,50,Q1_hadamard,1.7705260515213013,1.7705260515213013,True
llama32_3b,hadamard,2,51,Q1_hadamard,1.8435900211334229,1.8435900211334229,True
llama32_3b,hadamard,2,52,Q1_hadamard,1.693679928779602,1.693679928779602,True
llama32_3b,hadamard,2,53,Q1_hadamard,1.906724214553833,1.906724214553833,True
llama32_3b,hadamard,2,54,Q1_hadamard,1.6453989744186401,1.6453989744186401,True
llama32_3b,hadamard,2,55,Q1_hadamard,1.623396873474121,1.623396873474121,True
llama32_3b,hadamard,2,56,Q1_hadamard,1.8476064205169678,1.8476064205169678,True
llama32_3b,hadamard,2,57,Q1_hadamard,1.8140437602996826,1.8140437602996826,True
llama32_3b,hadamard,2,58,Q1_hadamard,2.1948812007904053,2.1948812007904053,True
llama32_3b,hadamard,2,59,Q1_hadamard,2.3644509315490723,2.3644509315490723,True
llama32_3b,hadamard,2,60,Q1_hadamard,2.37515926361084,2.37515926361084,True
llama32_3b,hadamard,2,61,Q1_hadamard,2.484875202178955,2.484875202178955,True
llama32_3b,hadamard,2,62,Q1_hadamard,1.5243268013000488,1.5243268013000488,True
llama32_3b,hadamard,2,63,Q1_hadamard,1.9086041450500488,1.9086041450500488,True
