model,site,method,layer,pooled_p99,seed0_p99,seed1_p99,seed2_p99,seed_min,seed_max,source
qwen3_4b_base,qkv,pq,0,0.02538558337635519,0.019066957210776544,0.027797551252847382,0.02734375,0.019066957210776544,0.027797551252847382,results/qwen3_4b_base/e36_group_statistics.csv
qwen3_4b_base,qkv,pq,1,0.004878036162588591,0.005923386505183247,0.004340756726643998,0.004255434104331723,0.004255434104331723,0.005923386505183247,results/qwen3_4b_base/e36_group_statistics.csv
qwen3_4b_base,qkv,pq,2,0.004222123976986566,0.0038676381280579935,0.004396928184921121,0.004478841385011021,0.0038676381280579935,0.004478841385011021,results/qwen3_4b_base/e36_group_statistics.csv
qwen3_4b_base,qkv,pq,3,0.0047920145791553745,0.003930602095613201,0.005281767340375526,0.005139197915958385,0.003930602095613201,0.005281767340375526,results/qwen3_4b_base/e36_group_statistics.csv
qwen3_4b_base,qkv,pq,4,0.003941301304037541,0.003885954469584566,0.0039744744254278245,0.003974534668352752,0.003885954469584566,0.003974534668352752,results/qwen3_4b_base/e36_group_statistics.csv
qwen3_4b_base,qkv,pq,5,0.004365210697210876,0.005103655798606127,0.004046614003370381,0.004077408910077066,0.004046614003370381,0.005103655798606127,results/qwen3_4b_base/e36_group_statistics.csv
qwen3_4b_base,qkv,pq,6,0.004332189170457042,0.003946471140070885,0.005142264493291816,0.0039031663160703344,0.0039031663160703344,0.005142264493291816,results/qwen3_4b_base/e36_group_statistics.csv
qwen3_4b_base,qkv,pq,7,0.0056558550038472285,0.004160894569465906,0.006510416666666667,0.006522554819163261,0.004160894569465906,0.006522554819163261,results/qwen3_4b_base/e36_group_statistics.csv
qwen3_4b_base,qkv,pq,8,0.004311459066305402,0.003812069083859107,0.005897492040574071,0.003830580590150434,0.003812069083859107,0.005897492040574071,results/qwen3_4b_base/e36_group_statistics.csv
qwen3_4b_base,qkv,pq,9,0.0042009560347935695,0.0036907180436829856,0.0037089188225267007,0.005615594735269736,0.0036907180436829856,0.005615594735269736,results/qwen3_4b_base/e36_group_statistics.csv
qwen3_4b_base,qkv,pq,10,0.0038352989404641775,0.003854736765675085,0.0038357974880699787,0.0038150184061644743,0.0038150184061644743,0.003854736765675085,results/qwen3_4b_base/e36_group_statistics.csv
qwen3_4b_base,qkv,pq,11,0.004401308426931243,0.0038901950322584693,0.006383876966166713,0.003901385695888903,0.0038901950322584693,0.006383876966166713,results/qwen3_4b_base/e36_group_statistics.csv
qwen3_4b_base,qkv,pq,12,0.006088750485873506,0.0060887241422144835,0.006084911019589235,0.006092976160905952,0.006084911019589235,0.006092976160905952,results/qwen3_4b_base/e36_group_statistics.csv
qwen3_4b_base,qkv,pq,13,0.005055460750853242,0.003992426268985978,0.005945642109452109,0.005841585087890773,0.003992426268985978,0.005945642109452109,results/qwen3_4b_base/e36_group_statistics.csv
qwen3_4b_base,qkv,pq,14,0.0037882255108346446,0.0037825515819855495,0.0037603693937649134,0.003820082720588235,0.0037603693937649134,0.003820082720588235,results/qwen3_4b_base/e36_group_statistics.csv
qwen3_4b_base,qkv,pq,15,0.0056293795020613034,0.005655395030070257,0.005589373724707971,0.005646857767881471,0.005589373724707971,0.005655395030070257,results/qwen3_4b_base/e36_group_statistics.csv
qwen3_4b_base,qkv,pq,16,0.0046340404810298105,0.0048709479048000435,0.004857883180763899,0.004168679399524376,0.004168679399524376,0.0048709479048000435,results/qwen3_4b_base/e36_group_statistics.csv
qwen3_4b_base,qkv,pq,17,0.004494165485437353,0.004873633883121176,0.004233141758948591,0.004275263506333943,0.004233141758948591,0.004873633883121176,results/qwen3_4b_base/e36_group_statistics.csv
qwen3_4b_base,qkv,pq,18,0.004617277571573104,0.004331925210378748,0.00518558357129106,0.004317976404389721,0.004317976404389721,0.00518558357129106,results/qwen3_4b_base/e36_group_statistics.csv
qwen3_4b_base,qkv,pq,19,0.0045584947116548225,0.00388772340479713,0.003926621821381172,0.006150933386749286,0.00388772340479713,0.006150933386749286,results/qwen3_4b_base/e36_group_statistics.csv
qwen3_4b_base,qkv,pq,20,0.004033056297292025,0.00402777852207226,0.004034872384328048,0.004036594350372257,0.00402777852207226,0.004036594350372257,results/qwen3_4b_base/e36_group_statistics.csv
qwen3_4b_base,qkv,pq,21,0.004895610422348146,0.004123220172248034,0.006135887020555354,0.004090282616626418,0.004090282616626418,0.006135887020555354,results/qwen3_4b_base/e36_group_statistics.csv
qwen3_4b_base,qkv,pq,22,0.004874286865326342,0.004428892081952662,0.004353806052470196,0.006720500019543462,0.004353806052470196,0.006720500019543462,results/qwen3_4b_base/e36_group_statistics.csv
qwen3_4b_base,qkv,pq,23,0.004723837209302325,0.005612201813613892,0.004391600249518717,0.0044154117020811495,0.004391600249518717,0.005612201813613892,results/qwen3_4b_base/e36_group_statistics.csv
qwen3_4b_base,qkv,pq,24,0.005440633968667055,0.004061710894473948,0.006063473472591261,0.006069942028593248,0.004061710894473948,0.006069942028593248,results/qwen3_4b_base/e36_group_statistics.csv
qwen3_4b_base,qkv,pq,25,0.004342404149159661,0.004307784152741541,0.004403412948396747,0.0043163447726090555,0.004307784152741541,0.004403412948396747,results/qwen3_4b_base/e36_group_statistics.csv
qwen3_4b_base,qkv,pq,26,0.005627407791933316,0.005634037507871531,0.005593322020034314,0.005653879494063232,0.005593322020034314,0.005653879494063232,results/qwen3_4b_base/e36_group_statistics.csv
qwen3_4b_base,qkv,pq,27,0.0045905354208027405,0.004119589456087418,0.005385679302158476,0.004148446698051046,0.004119589456087418,0.005385679302158476,results/qwen3_4b_base/e36_group_statistics.csv
qwen3_4b_base,qkv,pq,28,0.0047340387833247535,0.005416648266095479,0.004377352721382757,0.004289903071051721,0.004289903071051721,0.005416648266095479,results/qwen3_4b_base/e36_group_statistics.csv
qwen3_4b_base,qkv,pq,29,0.004226348401397098,0.00425471879386876,0.004197115384615384,0.004226992325637181,0.004197115384615384,0.00425471879386876,results/qwen3_4b_base/e36_group_statistics.csv
qwen3_4b_base,qkv,pq,30,0.004084780621572212,0.004031116808737347,0.004135100680488187,0.004091992251116303,0.004031116808737347,0.004135100680488187,results/qwen3_4b_base/e36_group_statistics.csv
qwen3_4b_base,qkv,pq,31,0.004073844223543035,0.004068176312477894,0.004145275676368167,0.004013315357991514,0.004013315357991514,0.004145275676368167,results/qwen3_4b_base/e36_group_statistics.csv
qwen3_4b_base,qkv,pq,32,0.0040676484048117155,0.004141443062827225,0.004065382489354629,0.004002511268430147,0.004002511268430147,0.004141443062827225,results/qwen3_4b_base/e36_group_statistics.csv
qwen3_4b_base,qkv,pq,33,0.004529556611806633,0.005297238731569544,0.004208920554050212,0.004202374931835615,0.004202374931835615,0.005297238731569544,results/qwen3_4b_base/e36_group_statistics.csv
qwen3_4b_base,qkv,pq,34,0.006236371375705823,0.007276389506051029,0.007294793776214068,0.004340659061614837,0.004340659061614837,0.007294793776214068,results/qwen3_4b_base/e36_group_statistics.csv
qwen3_4b_base,qkv,pq,35,0.005901145397777283,0.004626724901122144,0.006586061186144961,0.006539298452139661,0.004626724901122144,0.006586061186144961,results/qwen3_4b_base/e36_group_statistics.csv
qwen3_4b_base,qkv,hadamard,0,0.0033974277749619867,0.0034381173178226515,0.0034244561005314436,0.0033747033227848103,0.0033747033227848103,0.0034381173178226515,results/qwen3_4b_base/e36_group_statistics.csv
qwen3_4b_base,qkv,hadamard,1,0.0033588243618152317,0.003385394645309331,0.00333074451497506,0.0033584956762593462,0.00333074451497506,0.003385394645309331,results/qwen3_4b_base/e36_group_statistics.csv
qwen3_4b_base,qkv,hadamard,2,0.0033738152249911846,0.003360829454787234,0.003367102587035515,0.0033936404058762426,0.003360829454787234,0.0033936404058762426,results/qwen3_4b_base/e36_group_statistics.csv
qwen3_4b_base,qkv,hadamard,3,0.0034086452201422413,0.003396890654464314,0.0034124885556682475,0.0034166285452881975,0.003396890654464314,0.0034166285452881975,results/qwen3_4b_base/e36_group_statistics.csv
qwen3_4b_base,qkv,hadamard,4,0.0034796415004748338,0.0034819664435597596,0.003477999455469506,0.003478867921563566,0.003477999455469506,0.0034819664435597596,results/qwen3_4b_base/e36_group_statistics.csv
qwen3_4b_base,qkv,hadamard,5,0.00334451649187372,0.003322849025974026,0.0033582322140957447,0.003351886198118793,0.003322849025974026,0.0033582322140957447,results/qwen3_4b_base/e36_group_statistics.csv
qwen3_4b_base,qkv,hadamard,6,0.0034632419176847244,0.003448618424307921,0.003461878934352518,0.003479256413224696,0.003448618424307921,0.003479256413224696,results/qwen3_4b_base/e36_group_statistics.csv
qwen3_4b_base,qkv,hadamard,7,0.003246853034485869,0.0032447076612903227,0.003237805379053462,0.003257393036912752,0.003237805379053462,0.003257393036912752,results/qwen3_4b_base/e36_group_statistics.csv
qwen3_4b_base,qkv,hadamard,8,0.0030829350980784626,0.003088431299497327,0.0030856064964880792,0.0030748795549827733,0.0030748795549827733,0.003088431299497327,results/qwen3_4b_base/e36_group_statistics.csv
qwen3_4b_base,qkv,hadamard,9,0.0031323822901171026,0.0032089946896202443,0.0031429785564853555,0.0030443264819738844,0.0030443264819738844,0.0032089946896202443,results/qwen3_4b_base/e36_group_statistics.csv
qwen3_4b_base,qkv,hadamard,10,0.003562688838931773,0.0035795224165894347,0.003510293702861546,0.0035917486276303753,0.003510293702861546,0.0035917486276303753,results/qwen3_4b_base/e36_group_statistics.csv
qwen3_4b_base,qkv,hadamard,11,0.003068117380867594,0.003089744453812782,0.0030481274968452653,0.0030666379889353846,0.0030481274968452653,0.003089744453812782,results/qwen3_4b_base/e36_group_statistics.csv
qwen3_4b_base,qkv,hadamard,12,0.0028434375989607307,0.002869031190228396,0.002840007584005673,0.0028220328080197626,0.0028220328080197626,0.002869031190228396,results/qwen3_4b_base/e36_group_statistics.csv
qwen3_4b_base,qkv,hadamard,13,0.0031569271646937898,0.0032561361855621175,0.003083906092470469,0.0031091347101735015,0.003083906092470469,0.0032561361855621175,results/qwen3_4b_base/e36_group_statistics.csv
qwen3_4b_base,qkv,hadamard,14,0.003905214304418499,0.0038947317974735033,0.0039082310784955086,0.003911844698050121,0.0038947317974735033,0.003911844698050121,results/qwen3_4b_base/e36_group_statistics.csv
qwen3_4b_base,qkv,hadamard,15,0.003250083741093892,0.00332783529445097,0.0032399682074042663,0.0031646249217962257,0.0031646249217962257,0.00332783529445097,results/qwen3_4b_base/e36_group_statistics.csv
qwen3_4b_base,qkv,hadamard,16,0.003410456730769231,0.0031697167979746073,0.0031908885542168675,0.0036314122418430418,0.0031697167979746073,0.0036314122418430418,results/qwen3_4b_base/e36_group_statistics.csv
qwen3_4b_base,qkv,hadamard,17,0.003620474713988551,0.003285846999660373,0.0037067810218637575,0.003694378758528147,0.003285846999660373,0.0037067810218637575,results/qwen3_4b_base/e36_group_statistics.csv
qwen3_4b_base,qkv,hadamard,18,0.003506830440900563,0.0035820030115260196,0.003176459799243433,0.0035954452983725134,0.003176459799243433,0.0035954452983725134,results/qwen3_4b_base/e36_group_statistics.csv
qwen3_4b_base,qkv,hadamard,19,0.003691971580298786,0.0038600396195749252,0.0038343596173555376,0.0027015310501298465,0.0027015310501298465,0.0038600396195749252,results/qwen3_4b_base/e36_group_statistics.csv
qwen3_4b_base,qkv,hadamard,20,0.003691646123494716,0.003773973982654783,0.0035358319824751335,0.003724067997784023,0.0035358319824751335,0.003773973982654783,results/qwen3_4b_base/e36_group_statistics.csv
qwen3_4b_base,qkv,hadamard,21,0.00394706397413734,0.004043404667936854,0.0029732299825744983,0.004066666666666666,0.0029732299825744983,0.004066666666666666,results/qwen3_4b_base/e36_group_statistics.csv
qwen3_4b_base,qkv,hadamard,22,0.0032471742021276595,0.003334083140851419,0.0033222174764117353,0.0029809008253859886,0.0029809008253859886,0.003334083140851419,results/qwen3_4b_base/e36_group_statistics.csv
qwen3_4b_base,qkv,hadamard,23,0.0034067103437233136,0.0030905009908705062,0.0034893916743330266,0.003494523017308227,0.0030905009908705062,0.003494523017308227,results/qwen3_4b_base/e36_group_statistics.csv
qwen3_4b_base,qkv,hadamard,24,0.0030619793249791315,0.003545188346732437,0.002827993175255348,0.0027533057461360095,0.0027533057461360095,0.003545188346732437,results/qwen3_4b_base/e36_group_statistics.csv
qwen3_4b_base,qkv,hadamard,25,0.0032211986940298507,0.0032000820279424217,0.003246112627213747,0.003216579477413829,0.0032000820279424217,0.003246112627213747,results/qwen3_4b_base/e36_group_statistics.csv
qwen3_4b_base,qkv,hadamard,26,0.0028671716156055496,0.0029260498131616613,0.002857747127642884,0.002824558043124356,0.002824558043124356,0.0029260498131616613,results/qwen3_4b_base/e36_group_statistics.csv
qwen3_4b_base,qkv,hadamard,27,0.003738124579862359,0.003826309057604851,0.003261049653344209,0.0038301747917862117,0.003261049653344209,0.0038301747917862117,results/qwen3_4b_base/e36_group_statistics.csv
qwen3_4b_base,qkv,hadamard,28,0.0037385627770139605,0.0031587093147871035,0.0038269044044509717,0.0038356506371725286,0.0031587093147871035,0.0038356506371725286,results/qwen3_4b_base/e36_group_statistics.csv
qwen3_4b_base,qkv,hadamard,29,0.003341145833333333,0.0033504625212044106,0.003330497268326244,0.0033416748046875,0.003330497268326244,0.0033504625212044106,results/qwen3_4b_base/e36_group_statistics.csv
qwen3_4b_base,qkv,hadamard,30,0.0036215067325863926,0.0035741522176943267,0.0036503705706787794,0.003636583214004517,0.0035741522176943267,0.0036503705706787794,results/qwen3_4b_base/e36_group_statistics.csv
qwen3_4b_base,qkv,hadamard,31,0.0037666671133315685,0.003789741583921395,0.0037498276497031193,0.0037606869103773586,0.0037498276497031193,0.003789741583921395,results/qwen3_4b_base/e36_group_statistics.csv
qwen3_4b_base,qkv,hadamard,32,0.0039471521490736065,0.0039614390106947235,0.003957875257119135,0.003919547768741137,0.003919547768741137,0.0039614390106947235,results/qwen3_4b_base/e36_group_statistics.csv
qwen3_4b_base,qkv,hadamard,33,0.003532841976128849,0.0030518626016343055,0.003649336696562033,0.0036182229675438054,0.0030518626016343055,0.003649336696562033,results/qwen3_4b_base/e36_group_statistics.csv
qwen3_4b_base,qkv,hadamard,34,0.003183432925434584,0.002864684384809162,0.002836302155742723,0.00349796734367487,0.002836302155742723,0.00349796734367487,results/qwen3_4b_base/e36_group_statistics.csv
qwen3_4b_base,qkv,hadamard,35,0.003488961552182218,0.0037578095871175898,0.0030722912770842093,0.003084005794672607,0.0030722912770842093,0.0037578095871175898,results/qwen3_4b_base/e36_group_statistics.csv
qwen3_4b_base,down,pq,0,0.004760371265412498,0.004774211374711236,0.004823404391660971,0.004678554085737202,0.004678554085737202,0.004823404391660971,results/qwen3_4b_base/e36_group_statistics.csv
qwen3_4b_base,down,pq,1,0.005542903594122319,0.00562568183594111,0.0057725359218659435,0.005235974222896134,0.005235974222896134,0.0057725359218659435,results/qwen3_4b_base/e36_group_statistics.csv
qwen3_4b_base,down,pq,2,0.005235536723071545,0.005082307888044889,0.005067705927401862,0.005569402336548608,0.005067705927401862,0.005569402336548608,results/qwen3_4b_base/e36_group_statistics.csv
qwen3_4b_base,down,pq,3,0.004893723812849162,0.004774574740162662,0.00490513988091398,0.004999555395899374,0.004774574740162662,0.004999555395899374,results/qwen3_4b_base/e36_group_statistics.csv
qwen3_4b_base,down,pq,4,0.0045587560129186295,0.0044921875,0.004436996010735507,0.004769660434051393,0.004436996010735507,0.004769660434051393,results/qwen3_4b_base/e36_group_statistics.csv
qwen3_4b_base,down,pq,5,0.004106965799104028,0.004089267777105098,0.004123412359621307,0.004108297413793103,0.004089267777105098,0.004123412359621307,results/qwen3_4b_base/e36_group_statistics.csv
qwen3_4b_base,down,pq,6,0.0038282059288153106,0.003751803474950884,0.0038634395300935665,0.0038692675795842335,0.003751803474950884,0.0038692675795842335,results/qwen3_4b_base/e36_group_statistics.csv
qwen3_4b_base,down,pq,7,0.0037165042651985357,0.003700415619791273,0.0037279791452093348,0.0037209239798426746,0.003700415619791273,0.0037279791452093348,results/qwen3_4b_base/e36_group_statistics.csv
qwen3_4b_base,down,pq,8,0.003678026085579156,0.003656434938451038,0.003728162873764454,0.0036510892523376535,0.0036510892523376535,0.003728162873764454,results/qwen3_4b_base/e36_group_statistics.csv
qwen3_4b_base,down,pq,9,0.0037555666461916463,0.003847504257245363,0.0037261980044969085,0.0036962848233878668,0.0036962848233878668,0.003847504257245363,results/qwen3_4b_base/e36_group_statistics.csv
qwen3_4b_base,down,pq,10,0.0038109021711202466,0.003778878705759092,0.003887347551428803,0.003769039183624031,0.003769039183624031,0.003887347551428803,results/qwen3_4b_base/e36_group_statistics.csv
qwen3_4b_base,down,pq,11,0.0038676374714032655,0.003859998920453862,0.003877643623737374,0.00386521346300102,0.003859998920453862,0.003877643623737374,results/qwen3_4b_base/e36_group_statistics.csv
qwen3_4b_base,down,pq,12,0.003738707049763033,0.003722233558768657,0.0037470460187066165,0.0037472098214285715,0.003722233558768657,0.0037472098214285715,results/qwen3_4b_base/e36_group_statistics.csv
qwen3_4b_base,down,pq,13,0.0037196648690292758,0.00378203867300745,0.0036848000995463245,0.003692782016087844,0.0036848000995463245,0.00378203867300745,results/qwen3_4b_base/e36_group_statistics.csv
qwen3_4b_base,down,pq,14,0.0037031973751930005,0.003678263954329679,0.0036884775492704676,0.0037439914650794,0.003678263954329679,0.0037439914650794,results/qwen3_4b_base/e36_group_statistics.csv
qwen3_4b_base,down,pq,15,0.0037769852053140098,0.003766622141991926,0.0038042908884099616,0.003760632627216479,0.003760632627216479,0.0038042908884099616,results/qwen3_4b_base/e36_group_statistics.csv
qwen3_4b_base,down,pq,16,0.003747750327225131,0.0037699918905983922,0.003761123262224353,0.003712255906460945,0.003712255906460945,0.0037699918905983922,results/qwen3_4b_base/e36_group_statistics.csv
qwen3_4b_base,down,pq,17,0.0037668756027000963,0.003835969239698201,0.0037416409024625024,0.0037265898128761186,0.0037265898128761186,0.003835969239698201,results/qwen3_4b_base/e36_group_statistics.csv
qwen3_4b_base,down,pq,18,0.0037883890086206897,0.003791185680852495,0.003787347030879627,0.0037869144602851322,0.0037869144602851322,0.003791185680852495,results/qwen3_4b_base/e36_group_statistics.csv
qwen3_4b_base,down,pq,19,0.003636853448275862,0.0036527389664491967,0.003632059441423628,0.0036262295247327454,0.0036262295247327454,0.0036527389664491967,results/qwen3_4b_base/e36_group_statistics.csv
qwen3_4b_base,down,pq,20,0.00374550649159013,0.0037947841254357163,0.0037730823863636365,0.003671726771077438,0.003671726771077438,0.0037947841254357163,results/qwen3_4b_base/e36_group_statistics.csv
qwen3_4b_base,down,pq,21,0.0038237548108368295,0.003795407951771012,0.0037654086079274116,0.003911064133012364,0.0037654086079274116,0.003911064133012364,results/qwen3_4b_base/e36_group_statistics.csv
qwen3_4b_base,down,pq,22,0.004008405562754301,0.0039722213475607195,0.004096728236937613,0.0039592129927388765,0.0039592129927388765,0.004096728236937613,results/qwen3_4b_base/e36_group_statistics.csv
qwen3_4b_base,down,pq,23,0.004134133765468474,0.004130948529527066,0.00414847628055304,0.004123263888888889,0.004123263888888889,0.00414847628055304,results/qwen3_4b_base/e36_group_statistics.csv
qwen3_4b_base,down,pq,24,0.004087982489775051,0.004185267857142857,0.003901352494984955,0.00419944245610592,0.003901352494984955,0.00419944245610592,results/qwen3_4b_base/e36_group_statistics.csv
qwen3_4b_base,down,pq,25,0.004066376752966559,0.004057812175467241,0.0040536617255932175,0.004087370933462087,0.0040536617255932175,0.004087370933462087,results/qwen3_4b_base/e36_group_statistics.csv
qwen3_4b_base,down,pq,26,0.004103780596354068,0.0039041464728056005,0.004188927195621344,0.0042571388843832695,0.0039041464728056005,0.0042571388843832695,results/qwen3_4b_base/e36_group_statistics.csv
qwen3_4b_base,down,pq,27,0.0041385061909108185,0.004248660226652103,0.003958316747434269,0.004223359671381998,0.003958316747434269,0.004248660226652103,results/qwen3_4b_base/e36_group_statistics.csv
qwen3_4b_base,down,pq,28,0.00417883091491428,0.004188939144736842,0.004066590617818308,0.004287033218356329,0.004066590617818308,0.004287033218356329,results/qwen3_4b_base/e36_group_statistics.csv
qwen3_4b_base,down,pq,29,0.004482055931737344,0.004590805878999187,0.004593604747675963,0.004291861830374794,0.004291861830374794,0.004593604747675963,results/qwen3_4b_base/e36_group_statistics.csv
qwen3_4b_base,down,pq,30,0.00442358644367667,0.004534610006413109,0.004235491821834003,0.004527196631493491,0.004235491821834003,0.004534610006413109,results/qwen3_4b_base/e36_group_statistics.csv
qwen3_4b_base,down,pq,31,0.004510552016644678,0.00451065140114138,0.004497208975159161,0.004523617097701149,0.004497208975159161,0.004523617097701149,results/qwen3_4b_base/e36_group_statistics.csv
qwen3_4b_base,down,pq,32,0.004110018909754825,0.00410368338468612,0.004110291100654714,0.004115794260635036,0.00410368338468612,0.004115794260635036,results/qwen3_4b_base/e36_group_statistics.csv
qwen3_4b_base,down,pq,33,0.004279233438693082,0.004308564996931928,0.004270757955718797,0.0042585897443344345,0.0042585897443344345,0.004308564996931928,results/qwen3_4b_base/e36_group_statistics.csv
qwen3_4b_base,down,pq,34,0.0048828125,0.005309274533783058,0.004744528271643428,0.004712496578816349,0.004712496578816349,0.005309274533783058,results/qwen3_4b_base/e36_group_statistics.csv
qwen3_4b_base,down,pq,35,0.022602657184034137,0.02245717789288843,0.02260628088649402,0.02275439170185126,0.02245717789288843,0.02275439170185126,results/qwen3_4b_base/e36_group_statistics.csv
qwen3_4b_base,down,hadamard,0,0.0033573209428830464,0.0033583219250210615,0.0033553906435034764,0.0033582438841737393,0.0033553906435034764,0.0033583219250210615,results/qwen3_4b_base/e36_group_statistics.csv
qwen3_4b_base,down,hadamard,1,0.0033622364778534922,0.0033625873654985917,0.0033581968498613934,0.003366150966569007,0.0033581968498613934,0.003366150966569007,results/qwen3_4b_base/e36_group_statistics.csv
qwen3_4b_base,down,hadamard,2,0.003387394714126185,0.003387924501698312,0.003387146575111815,0.0033870799571831863,0.0033870799571831863,0.003387924501698312,results/qwen3_4b_base/e36_group_statistics.csv
qwen3_4b_base,down,hadamard,3,0.0033780907061692006,0.0033765889830508476,0.0033768284574468084,0.003380847953216374,0.0033765889830508476,0.003380847953216374,results/qwen3_4b_base/e36_group_statistics.csv
qwen3_4b_base,down,hadamard,4,0.0033859303727314153,0.0033851218931537875,0.0033836299313893653,0.0033890301622765758,0.0033836299313893653,0.0033890301622765758,results/qwen3_4b_base/e36_group_statistics.csv
qwen3_4b_base,down,hadamard,5,0.003389605674709562,0.0033922697368421054,0.0033879626396648046,0.00338861150103248,0.0033879626396648046,0.0033922697368421054,results/qwen3_4b_base/e36_group_statistics.csv
qwen3_4b_base,down,hadamard,6,0.0033899745159125883,0.0033909358780276817,0.0033911683986572044,0.003387915915241365,0.003387915915241365,0.0033911683986572044,results/qwen3_4b_base/e36_group_statistics.csv
qwen3_4b_base,down,hadamard,7,0.0033863716026747196,0.0033872881353131682,0.003383454904873499,0.003388209745423698,0.003383454904873499,0.003388209745423698,results/qwen3_4b_base/e36_group_statistics.csv
qwen3_4b_base,down,hadamard,8,0.003338153545673077,0.0033368810309607933,0.0033371538553794355,0.0033404000008211386,0.0033368810309607933,0.0033404000008211386,results/qwen3_4b_base/e36_group_statistics.csv
qwen3_4b_base,down,hadamard,9,0.003374396274149034,0.0033371920079010606,0.0033920714802314366,0.0033916346946554115,0.0033371920079010606,0.0033920714802314366,results/qwen3_4b_base/e36_group_statistics.csv
qwen3_4b_base,down,hadamard,10,0.0033494155514849277,0.00334930419921875,0.0033488130364806865,0.003350151909722222,0.0033488130364806865,0.003350151909722222,results/qwen3_4b_base/e36_group_statistics.csv
qwen3_4b_base,down,hadamard,11,0.003352307457212714,0.0033530391046613967,0.0033538050442684063,0.003349926254978987,0.003349926254978987,0.0033538050442684063,results/qwen3_4b_base/e36_group_statistics.csv
qwen3_4b_base,down,hadamard,12,0.0033467785162950257,0.0033476087782118055,0.0033491160382316367,0.00334375,0.00334375,0.0033491160382316367,results/qwen3_4b_base/e36_group_statistics.csv
qwen3_4b_base,down,hadamard,13,0.0033384427742616032,0.003295132663779226,0.0033631792581502564,0.0033543170384951883,0.003295132663779226,0.0033631792581502564,results/qwen3_4b_base/e36_group_statistics.csv
qwen3_4b_base,down,hadamard,14,0.0033267012266355142,0.0033299031542586705,0.0033405130505039385,0.0033094618055555555,0.0033094618055555555,0.0033405130505039385,results/qwen3_4b_base/e36_group_statistics.csv
qwen3_4b_base,down,hadamard,15,0.0033680635033642744,0.0033722961840986394,0.0033598501303214595,0.0033721403050341295,0.0033598501303214595,0.0033722961840986394,results/qwen3_4b_base/e36_group_statistics.csv
qwen3_4b_base,down,hadamard,16,0.0033563055425631433,0.00335140446350044,0.0033673951649862512,0.0033499802215189874,0.0033499802215189874,0.0033673951649862512,results/qwen3_4b_base/e36_group_statistics.csv
qwen3_4b_base,down,hadamard,17,0.003305032950680272,0.003250116772640007,0.0033410477311643836,0.0033174533966148214,0.003250116772640007,0.0033410477311643836,results/qwen3_4b_base/e36_group_statistics.csv
qwen3_4b_base,down,hadamard,18,0.0032245586444805195,0.003222094375862069,0.003229649751941329,0.0032216829318936877,0.0032216829318936877,0.003229649751941329,results/qwen3_4b_base/e36_group_statistics.csv
qwen3_4b_base,down,hadamard,19,0.0033617129052369078,0.003370153010921028,0.003335706732513481,0.0033776624314696716,0.003335706732513481,0.0033776624314696716,results/qwen3_4b_base/e36_group_statistics.csv
qwen3_4b_base,down,hadamard,20,0.00341796875,0.0034079461559589994,0.003398521991811128,0.003446244328003457,0.003398521991811128,0.003446244328003457,results/qwen3_4b_base/e36_group_statistics.csv
qwen3_4b_base,down,hadamard,21,0.0035135304959785525,0.0035216244725114537,0.003522734075670498,0.003495570591517857,0.003495570591517857,0.003522734075670498,results/qwen3_4b_base/e36_group_statistics.csv
qwen3_4b_base,down,hadamard,22,0.003338610809412596,0.0033361174124299036,0.0033425964765100673,0.0033371328908862875,0.0033361174124299036,0.0033425964765100673,results/qwen3_4b_base/e36_group_statistics.csv
qwen3_4b_base,down,hadamard,23,0.0031919119324476464,0.0031894115691489364,0.0031943937656380315,0.0031918649955759294,0.0031894115691489364,0.0031943937656380315,results/qwen3_4b_base/e36_group_statistics.csv
qwen3_4b_base,down,hadamard,24,0.0033473789029084687,0.0033328396113883273,0.003374624943387681,0.0033334219965953306,0.0033328396113883273,0.003374624943387681,results/qwen3_4b_base/e36_group_statistics.csv
qwen3_4b_base,down,hadamard,25,0.003349796847731239,0.003352418664383562,0.0033448742565522142,0.003352263357519789,0.0033448742565522142,0.003352418664383562,results/qwen3_4b_base/e36_group_statistics.csv
qwen3_4b_base,down,hadamard,26,0.003408095415900735,0.003509343019005848,0.0033425400085617778,0.0033545369155658835,0.0033425400085617778,0.003509343019005848,results/qwen3_4b_base/e36_group_statistics.csv
qwen3_4b_base,down,hadamard,27,0.0034352827188236113,0.0034118273181420033,0.0034735612546260724,0.003418412238873751,0.0034118273181420033,0.0034735612546260724,results/qwen3_4b_base/e36_group_statistics.csv
qwen3_4b_base,down,hadamard,28,0.0033360830745341615,0.0033122493587956874,0.0033709755957836846,0.0033219767940761893,0.0033122493587956874,0.0033709755957836846,results/qwen3_4b_base/e36_group_statistics.csv
qwen3_4b_base,down,hadamard,29,0.003352406103286385,0.0032296720169281584,0.0032363934712247374,0.0035241565580379514,0.0032296720169281584,0.0035241565580379514,results/qwen3_4b_base/e36_group_statistics.csv
qwen3_4b_base,down,hadamard,30,0.0033977491740088107,0.0033477934537269978,0.0034950127600450777,0.0033335683391223967,0.0033335683391223967,0.0034950127600450777,results/qwen3_4b_base/e36_group_statistics.csv
qwen3_4b_base,down,hadamard,31,0.0033738848882201205,0.0033806170899041994,0.0033721536876584954,0.003368923306153444,0.003368923306153444,0.0033806170899041994,results/qwen3_4b_base/e36_group_statistics.csv
qwen3_4b_base,down,hadamard,32,0.0034404762642936413,0.003441018698098771,0.0034394190832578303,0.0034410487996566655,0.0034394190832578303,0.0034410487996566655,results/qwen3_4b_base/e36_group_statistics.csv
qwen3_4b_base,down,hadamard,33,0.0033940120428189117,0.003389397491877553,0.003396176737840322,0.0033963430813968966,0.003389397491877553,0.0033963430813968966,results/qwen3_4b_base/e36_group_statistics.csv
qwen3_4b_base,down,hadamard,34,0.003423871977547496,0.0034416462289666885,0.0034217243245167374,0.003407165099907127,0.003407165099907127,0.0034416462289666885,results/qwen3_4b_base/e36_group_statistics.csv
qwen3_4b_base,down,hadamard,35,0.0033697377704609596,0.003323434724689165,0.003410693975626696,0.0033730478399169477,0.003323434724689165,0.003410693975626696,results/qwen3_4b_base/e36_group_statistics.csv
llama32_3b,qkv,pq,0,0.0173150298606503,0.02030981529209622,0.0173150298606503,0.017133956386292833,0.017133956386292833,0.02030981529209622,results/llama32_3b/e36_group_statistics.csv
llama32_3b,qkv,pq,1,0.0051817255434782605,0.005775916036240592,0.00491111865942029,0.004855877905991881,0.004855877905991881,0.005775916036240592,results/llama32_3b/e36_group_statistics.csv
llama32_3b,qkv,pq,2,0.004251889277965609,0.004464446810046189,0.004122545522329151,0.004165008387285355,0.004122545522329151,0.004464446810046189,results/llama32_3b/e36_group_statistics.csv
llama32_3b,qkv,pq,3,0.004347600661313345,0.004015468922442889,0.004443036442715099,0.004525698623654897,0.004015468922442889,0.004525698623654897,results/llama32_3b/e36_group_statistics.csv
llama32_3b,qkv,pq,4,0.004637534337266981,0.004656036542584797,0.004636862107137945,0.004620095914894568,0.004620095914894568,0.004656036542584797,results/llama32_3b/e36_group_statistics.csv
llama32_3b,qkv,pq,5,0.004141652960526316,0.004332625488828991,0.004049341014326972,0.004032327308577466,0.004032327308577466,0.004332625488828991,results/llama32_3b/e36_group_statistics.csv
llama32_3b,qkv,pq,6,0.004166988566131026,0.004017878119482859,0.004379859381514713,0.004068209152804789,0.004017878119482859,0.004379859381514713,results/llama32_3b/e36_group_statistics.csv
llama32_3b,qkv,pq,7,0.004100785235131374,0.00431736259412393,0.0039610440775412975,0.003978625601389878,0.0039610440775412975,0.00431736259412393,results/llama32_3b/e36_group_statistics.csv
llama32_3b,qkv,pq,8,0.004213444936157864,0.004259850343746929,0.004085406805258708,0.0042844336457872455,0.004085406805258708,0.0042844336457872455,results/llama32_3b/e36_group_statistics.csv
llama32_3b,qkv,pq,9,0.004133638956858076,0.004082280282496312,0.004073200724286645,0.004232145077818178,0.004073200724286645,0.004232145077818178,results/llama32_3b/e36_group_statistics.csv
llama32_3b,qkv,pq,10,0.004240945603156708,0.004256297408821464,0.0042396292443076175,0.004226381067982643,0.004226381067982643,0.004256297408821464,results/llama32_3b/e36_group_statistics.csv
llama32_3b,qkv,pq,11,0.004225417002137377,0.004314210901416727,0.004056196835334085,0.004281850961538462,0.004056196835334085,0.004314210901416727,results/llama32_3b/e36_group_statistics.csv
llama32_3b,qkv,pq,12,0.004146415623480164,0.0041493552828802275,0.004147034668489861,0.004143014903686973,0.004143014903686973,0.0041493552828802275,results/llama32_3b/e36_group_statistics.csv
llama32_3b,qkv,pq,13,0.004103996300623053,0.0040256076388888885,0.004136629909666935,0.004153142818729867,0.0040256076388888885,0.004153142818729867,results/llama32_3b/e36_group_statistics.csv
llama32_3b,qkv,pq,14,0.004117483018114012,0.004115730954686211,0.004120491094403719,0.004116445554594394,0.004115730954686211,0.004120491094403719,results/llama32_3b/e36_group_statistics.csv
llama32_3b,qkv,pq,15,0.004093887960731395,0.004094205135957464,0.0041071412344218785,0.004079405934486985,0.004079405934486985,0.0041071412344218785,results/llama32_3b/e36_group_statistics.csv
llama32_3b,qkv,pq,16,0.003981555200269197,0.004044677464008859,0.0040390951921114165,0.0038661409663204747,0.0038661409663204747,0.004044677464008859,results/llama32_3b/e36_group_statistics.csv
llama32_3b,qkv,pq,17,0.0038853732251130863,0.003983207183185853,0.003850862358198195,0.0038246452892116024,0.0038246452892116024,0.003983207183185853,results/llama32_3b/e36_group_statistics.csv
llama32_3b,qkv,pq,18,0.0038758401156626975,0.0037682313448593767,0.004123263888888889,0.0037932213584596928,0.0037682313448593767,0.004123263888888889,results/llama32_3b/e36_group_statistics.csv
llama32_3b,qkv,pq,19,0.0038763218742681148,0.003813525883838384,0.0038041869669018773,0.004028632426965547,0.0038041869669018773,0.004028632426965547,results/llama32_3b/e36_group_statistics.csv
llama32_3b,qkv,pq,20,0.003791537867078825,0.003800309294353835,0.0037953042609089565,0.003779370772346498,0.003779370772346498,0.003800309294353835,results/llama32_3b/e36_group_statistics.csv
llama32_3b,qkv,pq,21,0.003870459296662752,0.003769336262055888,0.004153844192056584,0.0037643288446608638,0.0037643288446608638,0.004153844192056584,results/llama32_3b/e36_group_statistics.csv
llama32_3b,qkv,pq,22,0.0038809353190428714,0.0037589388827735304,0.0037568570517739824,0.004221067884747203,0.0037568570517739824,0.004221067884747203,results/llama32_3b/e36_group_statistics.csv
llama32_3b,qkv,pq,23,0.003927987942979805,0.004234235742445695,0.003828848751930005,0.003789364140926641,0.003789364140926641,0.004234235742445695,results/llama32_3b/e36_group_statistics.csv
llama32_3b,qkv,pq,24,0.0040959334143832425,0.0036885538783124265,0.004426841791551506,0.004453877873419644,0.0036885538783124265,0.004453877873419644,results/llama32_3b/e36_group_statistics.csv
llama32_3b,qkv,pq,25,0.004320118918012775,0.004342442208492958,0.004296875,0.004320127309470575,0.004296875,0.004342442208492958,results/llama32_3b/e36_group_statistics.csv
llama32_3b,qkv,pq,26,0.003738869373079545,0.003736368842144444,0.003727882420091324,0.003752098786034971,0.003727882420091324,0.003752098786034971,results/llama32_3b/e36_group_statistics.csv
llama32_3b,qkv,pq,27,0.004019240702479339,0.0040873089004592605,0.003884722787711097,0.00408512290257193,0.003884722787711097,0.0040873089004592605,results/llama32_3b/e36_group_statistics.csv
llama32_3b,qkv,hadamard,0,0.0030712649299835257,0.0030616319444444445,0.0030621669089147285,0.00312080666804294,0.0030616319444444445,0.00312080666804294,results/llama32_3b/e36_group_statistics.csv
llama32_3b,qkv,hadamard,1,0.003337938456722722,0.0033387103132884776,0.003329269773150803,0.003345403022670025,0.003329269773150803,0.003345403022670025,results/llama32_3b/e36_group_statistics.csv
llama32_3b,qkv,hadamard,2,0.003470115291262136,0.003468472704114113,0.0034709460048924796,0.0034710591864318624,0.003468472704114113,0.0034710591864318624,results/llama32_3b/e36_group_statistics.csv
llama32_3b,qkv,hadamard,3,0.003573234382813647,0.0035687943973418883,0.003576918594268231,0.0035736351462544854,0.0035687943973418883,0.003576918594268231,results/llama32_3b/e36_group_statistics.csv
llama32_3b,qkv,hadamard,4,0.0035571026545698926,0.0035500135442664052,0.00356558258558151,0.003555592422779923,0.0035500135442664052,0.00356558258558151,results/llama32_3b/e36_group_statistics.csv
llama32_3b,qkv,hadamard,5,0.0034998820837189182,0.0035012198074174106,0.0034990477547506642,0.003499712193175385,0.0034990477547506642,0.0035012198074174106,results/llama32_3b/e36_group_statistics.csv
llama32_3b,qkv,hadamard,6,0.0035546875,0.003556422790642722,0.003546889374425023,0.0035606416587509863,0.003546889374425023,0.0035606416587509863,results/llama32_3b/e36_group_statistics.csv
llama32_3b,qkv,hadamard,7,0.003571580349048051,0.003564313018809277,0.0035714025514458395,0.0035783334291628337,0.003564313018809277,0.0035783334291628337,results/llama32_3b/e36_group_statistics.csv
llama32_3b,qkv,hadamard,8,0.0034804286297852476,0.003472716784412033,0.0034905804764024935,0.003477192326693305,0.003472716784412033,0.0034905804764024935,results/llama32_3b/e36_group_statistics.csv
llama32_3b,qkv,hadamard,9,0.0034837160715833143,0.0034860143898850786,0.003485590433902878,0.00347962945680909,0.00347962945680909,0.0034860143898850786,results/llama32_3b/e36_group_statistics.csv
llama32_3b,qkv,hadamard,10,0.003434835861381754,0.0034372010957747934,0.003434598719339871,0.0034325554403017117,0.0034325554403017117,0.0034372010957747934,results/llama32_3b/e36_group_statistics.csv
llama32_3b,qkv,hadamard,11,0.0035485555959302324,0.0035504139353526223,0.003552109323629113,0.0035428991916588567,0.0035428991916588567,0.003552109323629113,results/llama32_3b/e36_group_statistics.csv
llama32_3b,qkv,hadamard,12,0.003303053275694785,0.0033048502604166668,0.0033021822257383966,0.003302061952594337,0.003302061952594337,0.0033048502604166668,results/llama32_3b/e36_group_statistics.csv
llama32_3b,qkv,hadamard,13,0.0032690663010425717,0.0032708508154017913,0.003269146375332653,0.0032672619227239923,0.0032672619227239923,0.0032708508154017913,results/llama32_3b/e36_group_statistics.csv
llama32_3b,qkv,hadamard,14,0.0033460771276595746,0.003348344699079503,0.003343671896659066,0.0033459235019371158,0.003343671896659066,0.003348344699079503,results/llama32_3b/e36_group_statistics.csv
llama32_3b,qkv,hadamard,15,0.0032568997993584195,0.0032557725878753557,0.0032586432593931496,0.003256241033615333,0.0032557725878753557,0.0032586432593931496,results/llama32_3b/e36_group_statistics.csv
llama32_3b,qkv,hadamard,16,0.003234759656196944,0.003229599113003819,0.003233514926782845,0.0032409705441974607,0.003229599113003819,0.0032409705441974607,results/llama32_3b/e36_group_statistics.csv
llama32_3b,qkv,hadamard,17,0.003246542221297837,0.003240266393442623,0.003247295421207041,0.0032521431351834737,0.003240266393442623,0.0032521431351834737,results/llama32_3b/e36_group_statistics.csv
llama32_3b,qkv,hadamard,18,0.003126258915995271,0.0031314754409726238,0.003122173735531999,0.0031256444117739933,0.003122173735531999,0.0031314754409726238,results/llama32_3b/e36_group_statistics.csv
llama32_3b,qkv,hadamard,19,0.0032071486051502146,0.003207236842105263,0.003211353061473733,0.003202807418699187,0.003202807418699187,0.003211353061473733,results/llama32_3b/e36_group_statistics.csv
llama32_3b,qkv,hadamard,20,0.003163488781662709,0.0031626216700819674,0.003164526998186817,0.0031631965063341253,0.0031626216700819674,0.003164526998186817,results/llama32_3b/e36_group_statistics.csv
llama32_3b,qkv,hadamard,21,0.003128365164042389,0.0031289536943319837,0.0031266750419522396,0.0031295641116035455,0.0031266750419522396,0.0031295641116035455,results/llama32_3b/e36_group_statistics.csv
llama32_3b,qkv,hadamard,22,0.0031640298390468225,0.0031643589270657674,0.0031654935990840967,0.0031619111074684945,0.0031619111074684945,0.0031654935990840967,results/llama32_3b/e36_group_statistics.csv
llama32_3b,qkv,hadamard,23,0.0031645569620253164,0.003162162702645051,0.003165747887444177,0.0031658481901169102,0.003162162702645051,0.0031658481901169102,results/llama32_3b/e36_group_statistics.csv
llama32_3b,qkv,hadamard,24,0.0030515562686807053,0.0030514444981630997,0.003050218301247688,0.003052850386493084,0.003050218301247688,0.003052850386493084,results/llama32_3b/e36_group_statistics.csv
llama32_3b,qkv,hadamard,25,0.0031122967479674797,0.003110358321890732,0.0031142347440944883,0.0031121137221780605,0.003110358321890732,0.0031142347440944883,results/llama32_3b/e36_group_statistics.csv
llama32_3b,qkv,hadamard,26,0.003143562758264463,0.003145897633744856,0.0031465101872246697,0.003138053760164021,0.003138053760164021,0.0031465101872246697,results/llama32_3b/e36_group_statistics.csv
llama32_3b,qkv,hadamard,27,0.003359038254310345,0.0033606781833787625,0.003358943239605278,0.0033573194474869296,0.0033573194474869296,0.0033606781833787625,results/llama32_3b/e36_group_statistics.csv
llama32_3b,down,pq,0,0.004903277605295285,0.004901502122555646,0.00462956220625363,0.005196564032331672,0.00462956220625363,0.005196564032331672,results/llama32_3b/e36_group_statistics.csv
llama32_3b,down,pq,1,0.003998756538921007,0.004034071252201611,0.004085193258719417,0.00388339357242475,0.00388339357242475,0.004085193258719417,results/llama32_3b/e36_group_statistics.csv
llama32_3b,down,pq,2,0.0039181872984036595,0.003815192836563646,0.00383381720215259,0.004124141399067401,0.003815192836563646,0.004124141399067401,results/llama32_3b/e36_group_statistics.csv
llama32_3b,down,pq,3,0.0037467069072862585,0.003736413043478261,0.003754586884469697,0.003749006563929289,0.003736413043478261,0.003754586884469697,results/llama32_3b/e36_group_statistics.csv
llama32_3b,down,pq,4,0.003671012775911708,0.00361792121974388,0.003632269136076234,0.0037685591400651907,0.00361792121974388,0.0037685591400651907,results/llama32_3b/e36_group_statistics.csv
llama32_3b,down,pq,5,0.003910711150420567,0.003914258643825563,0.003900591818490015,0.003917268388704653,0.003900591818490015,0.003917268388704653,results/llama32_3b/e36_group_statistics.csv
llama32_3b,down,pq,6,0.0038259578570162328,0.003772265922393571,0.0037797123243667676,0.003928922520893888,0.003772265922393571,0.003928922520893888,results/llama32_3b/e36_group_statistics.csv
llama32_3b,down,pq,7,0.003927771389292981,0.003914590883831564,0.00392838355147799,0.003941612872549015,0.003914590883831564,0.003941612872549015,results/llama32_3b/e36_group_statistics.csv
llama32_3b,down,pq,8,0.0038711355077745385,0.0039104071784406376,0.003799280721786371,0.003901654032858725,0.003799280721786371,0.0039104071784406376,results/llama32_3b/e36_group_statistics.csv
llama32_3b,down,pq,9,0.003896541786705959,0.0038340034382122325,0.003925651454409365,0.00392783109436804,0.0038340034382122325,0.00392783109436804,results/llama32_3b/e36_group_statistics.csv
llama32_3b,down,pq,10,0.003886233379783534,0.0038432459677419355,0.003964054375095301,0.003851176845128694,0.0038432459677419355,0.003964054375095301,results/llama32_3b/e36_group_statistics.csv
llama32_3b,down,pq,11,0.003957270322686135,0.0039622131932931055,0.003952798641463516,0.003956787012817745,0.003952798641463516,0.0039622131932931055,results/llama32_3b/e36_group_statistics.csv
llama32_3b,down,pq,12,0.004017570742445294,0.004017940789837351,0.004022952820980919,0.0040120788507111245,0.0040120788507111245,0.004022952820980919,results/llama32_3b/e36_group_statistics.csv
llama32_3b,down,pq,13,0.003912621154611904,0.0037473192401960786,0.004005923193899455,0.0040159090607157395,0.0037473192401960786,0.0040159090607157395,results/llama32_3b/e36_group_statistics.csv
llama32_3b,down,pq,14,0.0037909032636855196,0.0038591377892478913,0.003846974251288983,0.0036828256450984797,0.0036828256450984797,0.0038591377892478913,results/llama32_3b/e36_group_statistics.csv
llama32_3b,down,pq,15,0.0037441037735849057,0.003648307170991659,0.003950718020624659,0.0036712712953325846,0.003648307170991659,0.003950718020624659,results/llama32_3b/e36_group_statistics.csv
llama32_3b,down,pq,16,0.0037645526960784314,0.0036900974365308595,0.003969519751461854,0.0036749323395794484,0.0036749323395794484,0.003969519751461854,results/llama32_3b/e36_group_statistics.csv
llama32_3b,down,pq,17,0.0037675553258754864,0.0039038907535771292,0.003715259665318771,0.0037000251926269678,0.0037000251926269678,0.0039038907535771292,results/llama32_3b/e36_group_statistics.csv
llama32_3b,down,pq,18,0.003652999650186567,0.003628898323462783,0.0036623869881867548,0.003667598174955311,0.003628898323462783,0.003667598174955311,results/llama32_3b/e36_group_statistics.csv
llama32_3b,down,pq,19,0.0038012109499736993,0.0038125,0.003780507039160583,0.0038108969576669347,0.003780507039160583,0.0038125,results/llama32_3b/e36_group_statistics.csv
llama32_3b,down,pq,20,0.003938390472259029,0.004012515593179806,0.004026148627013632,0.0037841796875,0.0037841796875,0.004026148627013632,results/llama32_3b/e36_group_statistics.csv
llama32_3b,down,pq,21,0.003880537854908646,0.0037815191520742244,0.00377847546728972,0.004099179874255309,0.00377847546728972,0.004099179874255309,results/llama32_3b/e36_group_statistics.csv
llama32_3b,down,pq,22,0.00400234471094711,0.0040973477337085075,0.0038436905056335245,0.00408203125,0.0038436905056335245,0.0040973477337085075,results/llama32_3b/e36_group_statistics.csv
llama32_3b,down,pq,23,0.004252734843592791,0.004262841319479622,0.004228226261038326,0.004264610096059727,0.004228226261038326,0.004264610096059727,results/llama32_3b/e36_group_statistics.csv
llama32_3b,down,pq,24,0.004228610436893204,0.004069352200406845,0.004640360714117917,0.004102709890254656,0.004069352200406845,0.004640360714117917,results/llama32_3b/e36_group_statistics.csv
llama32_3b,down,pq,25,0.005088475864468924,0.005098103576105628,0.005040114179934737,0.005128561035354735,0.005040114179934737,0.005128561035354735,results/llama32_3b/e36_group_statistics.csv
llama32_3b,down,pq,26,0.0045494632327598445,0.005049296481830787,0.004328351176972134,0.004387915860475107,0.004328351176972134,0.005049296481830787,results/llama32_3b/e36_group_statistics.csv
llama32_3b,down,pq,27,0.005706371909929891,0.00605424899592489,0.00510530078538947,0.006188321208755667,0.00510530078538947,0.006188321208755667,results/llama32_3b/e36_group_statistics.csv
llama32_3b,down,hadamard,0,0.0033009762375207988,0.0033043956228083217,0.003299699633568799,0.0032990862070643007,0.0032990862070643007,0.0033043956228083217,results/llama32_3b/e36_group_statistics.csv
llama32_3b,down,hadamard,1,0.003366787403716448,0.003370115415154265,0.003360995221351888,0.003369183797524315,0.003360995221351888,0.003370115415154265,results/llama32_3b/e36_group_statistics.csv
llama32_3b,down,hadamard,2,0.003461587977016479,0.003462114726027397,0.00346179453762466,0.003460894574175824,0.003460894574175824,0.003462114726027397,results/llama32_3b/e36_group_statistics.csv
llama32_3b,down,hadamard,3,0.003304146431587838,0.003307586422365227,0.0033004900955796532,0.003304306468276315,0.0033004900955796532,0.003307586422365227,results/llama32_3b/e36_group_statistics.csv
llama32_3b,down,hadamard,4,0.0033121898435483415,0.0033172660311958408,0.003313059022738502,0.0033063847295114555,0.0033063847295114555,0.0033172660311958408,results/llama32_3b/e36_group_statistics.csv
llama32_3b,down,hadamard,5,0.0034808433219178083,0.00347960496866607,0.0034813948488289703,0.003481482200928537,0.00347960496866607,0.003481482200928537,results/llama32_3b/e36_group_statistics.csv
llama32_3b,down,hadamard,6,0.0035184019549763033,0.0035199278038998806,0.003517873254064421,0.003517537588843579,0.003517537588843579,0.0035199278038998806,results/llama32_3b/e36_group_statistics.csv
llama32_3b,down,hadamard,7,0.0035306490384615385,0.0035309163701067615,0.0035289617026055707,0.0035320362996306555,0.0035289617026055707,0.0035320362996306555,results/llama32_3b/e36_group_statistics.csv
llama32_3b,down,hadamard,8,0.0035255096063730082,0.003524825196270854,0.003527545354867888,0.003524194469835466,0.003524194469835466,0.003527545354867888,results/llama32_3b/e36_group_statistics.csv
llama32_3b,down,hadamard,9,0.003524893413247652,0.003524429304514186,0.0035257938734290844,0.0035244228603603604,0.0035244228603603604,0.0035257938734290844,results/llama32_3b/e36_group_statistics.csv
llama32_3b,down,hadamard,10,0.0034976356907894736,0.003495853902482479,0.003497344173258249,0.003499725370027752,0.003495853902482479,0.003499725370027752,results/llama32_3b/e36_group_statistics.csv
llama32_3b,down,hadamard,11,0.0034656174516908213,0.0034663381587808463,0.0034646580930433922,0.0034658739311431144,0.0034646580930433922,0.0034663381587808463,results/llama32_3b/e36_group_statistics.csv
llama32_3b,down,hadamard,12,0.0033619501819349314,0.003359240558360788,0.003363618600744531,0.0033631570979488824,0.003359240558360788,0.003363618600744531,results/llama32_3b/e36_group_statistics.csv
llama32_3b,down,hadamard,13,0.003246713148319338,0.003243757851758794,0.003248825571895425,0.003247508081571497,0.003243757851758794,0.003248825571895425,results/llama32_3b/e36_group_statistics.csv
llama32_3b,down,hadamard,14,0.003133837669683258,0.003134066343135741,0.00313229382780083,0.0031350550909421634,0.00313229382780083,0.0031350550909421634,results/llama32_3b/e36_group_statistics.csv
llama32_3b,down,hadamard,15,0.003210078701804758,0.00321166733014862,0.0032054946565811216,0.0032131348421952696,0.0032054946565811216,0.0032131348421952696,results/llama32_3b/e36_group_statistics.csv
llama32_3b,down,hadamard,16,0.003244257253994954,0.0032434564501959643,0.003244188769078317,0.0032450691598360656,0.0032434564501959643,0.0032450691598360656,results/llama32_3b/e36_group_statistics.csv
llama32_3b,down,hadamard,17,0.0032990749883828998,0.00329833984375,0.0032980011899365366,0.0033008563396972066,0.0032980011899365366,0.0033008563396972066,results/llama32_3b/e36_group_statistics.csv
llama32_3b,down,hadamard,18,0.0033406219630709427,0.0033408277674297736,0.003336987423632937,0.0033438913900171287,0.003336987423632937,0.0033438913900171287,results/llama32_3b/e36_group_statistics.csv
llama32_3b,down,hadamard,19,0.003460861246672582,0.00345984906215812,0.003460725426882662,0.0034619619759143623,0.00345984906215812,0.0034619619759143623,results/llama32_3b/e36_group_statistics.csv
llama32_3b,down,hadamard,20,0.003448655556839187,0.0034460414703110275,0.003446748987187836,0.003453110203598485,0.0034460414703110275,0.003453110203598485,results/llama32_3b/e36_group_statistics.csv
llama32_3b,down,hadamard,21,0.0034493582589285713,0.0034506926657287295,0.0034495530790241307,0.003447852925730967,0.003447852925730967,0.0034506926657287295,results/llama32_3b/e36_group_statistics.csv
llama32_3b,down,hadamard,22,0.003466703154990403,0.0034652541135301953,0.003469531577509281,0.003465193766750938,0.003465193766750938,0.003469531577509281,results/llama32_3b/e36_group_statistics.csv
llama32_3b,down,hadamard,23,0.0034545441245318353,0.0034554558430515063,0.0034542613241540696,0.0034540101564171925,0.0034540101564171925,0.0034554558430515063,results/llama32_3b/e36_group_statistics.csv
llama32_3b,down,hadamard,24,0.0033443357729570347,0.0033441684128836103,0.0033450651096902082,0.0033436826673874345,0.0033436826673874345,0.0033450651096902082,results/llama32_3b/e36_group_statistics.csv
llama32_3b,down,hadamard,25,0.003252427247777496,0.0032469598416289594,0.003252266074363188,0.0032579784487196863,0.0032469598416289594,0.0032579784487196863,results/llama32_3b/e36_group_statistics.csv
llama32_3b,down,hadamard,26,0.0034994935057726466,0.0034918109050094516,0.0035030902860924847,0.003503690288554801,0.0034918109050094516,0.003503690288554801,results/llama32_3b/e36_group_statistics.csv
llama32_3b,down,hadamard,27,0.0034332556399631676,0.0034256041815690736,0.0034429127561240646,0.0034306404087370243,0.0034256041815690736,0.0034429127561240646,results/llama32_3b/e36_group_statistics.csv
